username,text,label
nanpats,USR new currency built ex paypal guys currently given free q becomes leading payment network economic models estimate reward would around 20 000 need name email spot reserved invite URL looking join USR please send invite URL via USR URL URL energy music excitement flowing df18 support twins madhumitha struggle life URL via USR amazonprimeday URL USR sir pan verification work epfo website fails error error verifying pan please try later case months resolution please help help bilal rinku complete education amp fight earn respectfully URL via USR help bilal complete education amp fight earn respectfully URL via USR df17 mytrailhead URL list mosques various states built demolishing hindu temples URL nexus lutyens meet forces conspire india URL temple funds used hindus hajj subsidy government sign petit URL via USR USR open letter mr ravish world loved keep hinduism higher religion URL reply dr zakir naik maria wirth URL shelter rescued animal cats dogs URL via USR sign petition URL via USR modi really failed india 3 years claimed youtuber dhruv rathee parag paul URL sikh high school student demolishes gandhi myth wins us oratory tournament URL via USR samachar USR ask maharashtra hospitals transparent c section births mothers deserve safe healthcare URL seen hyderabad bus carry arunachal registration blame state monopoly transport URL via USR sushma swaraj arrest fake miracle healers fraud convert innocent people ind URL via USR jack remove raheel khursheed head twitter india sign petition URL via USR make mandatory hospitals declare number caesarean deliveries safebirth URL via USR russian spy exposes breaking india conspiracy elite universities left parties media URL via USR join amazon earn 100 click sign URL referandearn via USR three year long botanical study confirms ramayan myth URL via USR check campaign supported maukaa safeguarding indian art forms extinct URL via USR carpool quick ride get 10points verified profile code eys72 android URL ios URL adam URL list kashmir kings since 3450 bce URL via USR emergency bengal mamata files non bailable fir zee news sudhir chaudhary URL via USR australian media blasts indian seculars even know plight hindus india URL via USR bharat next avatar namo point view URL via USR bharat real modi game plan audacious gains demonetisation URL via USR bharat aam aadmi waiting change agents converting rs 1 crore 1 hour URL via USR biggest conspiracy played behind modi back raga explosive URL via USR sachi khabar political parties income tax donations need know URL via USR support current govt cleansing black money istandforwhite must watch former income tax commissioner exposes real face manmohan singh URL projections show india cashless economy going huge mobile wallet market may become 30 000 cr 2022 digitalindia URL took part survey USR app amp shared opinion ban old notes also URL via USR feast URL drama logic kejriwal press conference demonetisation URL via USR president india nullify mamta banerjee memorandum honorable presisent india URL via USR rahul gandhi mamata banerjee arvind kejrival demonetization eliminate black money URL via USR reserve bank india governer incentive bank employees across india selfless URL via USR USR protesting dept finds unaccounted wealth rs 130 crore aap mla URL president indi let support demonetisation initiative pm india sign petition URL via USR hon prime minister india voice full support hon prime minister move demon URL via USR kejriwal india biggest scam shocking inside story URL letter explains ajit doval warning govt ndtv shutdownndtvforever URL via USR prime minister india declare armed forces salary tax free show respect URL via USR score 47 555 bad average URL USR happy birthday sir great inspiration world plz create like file income tax free URL cleartax 53 years ago 120 men saved ladakh china story greatest last stand ever URL via USR breaking news भ रष ट च र म मल म क जर व ल क प रध न सच व क cbi न क य ग रफ त र kejrikachorps papahānaumokuākea could largest protected area planet act URL mandela effect evidence shift URL 32 photos inside chemtrail planes like never seen URL ipl franchise owners ipl teams sponsor support india olympians ipl4olympics sign URL via USR goodgovernance URL 20 government services delivered via ebiz single window online portal goodgovernance launched mygov engagement platform citizens goodgovernance gdp growth 2015 16 7 6 goodgovernance additional revenue rs 12 994 cr account mineral auctions goodgovernance spectrum auction highest ever price rs 1 09 874 cr obtained goodgovernance indian railways check list new rules today URL must watch sudhir chaudhary epic analysis degrading ethics journalism URL via USR today nsa shri ajit doval addressing youths y4d meet pune live webcast available URL 1000s youth pune gets directed indiafirst ajitdovalaty4dmeet 9things know ajitdovalaty4dmeet URL arvind kejriwal iitian without india rank URL via USR untold story ladakh must read URL via USR USR please initiate criminal proceedings vijay mallya defaulters bringbackmallya URL unholy wedding p chidambaram ndtv ndtv money laundering scam rs 5 500 cro URL withdraw budget 2016 proposal tax employee provident fund epfnotax sign petition URL via USR pangea supercontinent map description ramayana URL via USR remove reservation earning 10 lakhs per year giveupreservation sign pe URL via USR smriti irani hyderabad university incidents URL 101 things photography miss number 100 URL via USR scientists struggle stay grounded possible gravitational wave signal URL finally happening f r e n cast reunite tv decade URL via USR kejriwalexposed delhi cm appoints sister secretariat rs 1 15 lakh salary per month URL shri narendra modi decriminalise homosexuality sign petition URL via USR guy knows take animal selfies like pro 13 coolest pictures URL via USR visit bhubaneshwar USR URL article 370 cancer kashmir URL 9 tempting reasons date biker URL sonia gandhi please stop holding parliament ransom sign petition URL via USR thank chief minister URL via USR intolerance corruption modi govt proof URL via USR last maharaja india sad story king died penniless URL via USR indian secularism colour blind URL via USR wondered times india always pro congress read shocking truth URL via USR dear rahul sonia serious india URL meenakshi lekhi nehru denied india free speech URL ride chorla ghats goa royal enfield URL via USR narendra modi 10 points tackle terror URL highway hypnosis becoming problem india says nhai explain cartoq honest car advice URL must watch video dr subramanian swamy exposing dual citizenship rahul gandhi URL via USR saudi arabian columnist khalaf al harbi calls india tolerant nation URL future oracle siebel crm 2015 2016 USR URL muslims launch powerful social media campaign isis notinmyname URL via USR pm bhargava gets open letter young scientist URL anyone beat memorable speech rajat pyaar ka punchnama girl URL via USR read iitians iim students hv thrashed rajdeep open letter prashant poojary murder URL via USR saudiarabia behead crucify young man let stop human rights tragedy opnimr sign amp rt URL narendra modi pm modi please commit roadmap protect children sexual abuse URL via USR happening tonight blood supermoon eclipse amp closing great window URL via USR someone conducted study see someone future present time found URL deloitte harder get harvard URL bengaluru landlord tenant problem hefty security deposits damaged homes URL syrian refugee crisis explained perfectly simple animation URL via USR supreme court judgment aadhaar calls appeal URL via USR jay kannaiyan motorcycle adventurer organises motorcycle tours watch explore beauty south asia URL man amazing talk inside bus india going viral right reasons URL via USR amethi sdm amp 8217 full order rajiv gandhi trust land amp 8211 niti exclusive URL chief minister karnataka say 10 months security deposit renting house b URL via USR problem opposing death penalty india URL members parliament political parties parliament function urge political parties URL via USR sonia gandhi blocks parliament amp 8211 concerned citizen speaks URL futuristic airbus design mimics antigravity ufo URL 25 signs global elite amp 8217 ship sink URL via USR mind unleashed whistleblower reveals multiple secret space programs concerned new alien visitors URL sleeping giants stasis chambers ready awaken whistleblower claims URL nasa european space agency finally prep public alien disclosure URL via USR mind unleashed mystery jerusalem rare ancient message 5 aug 2015 URL evolution hindu gods URL shri sarbananda sonowal hon minister state youth affairs sports shri narendra modi URL via USR canon new 30k camera shoots iso 4 000 000 URL via USR congress beginning disintegrate URL dilli maange open letter arvind kejriwal URL one year road memo pakistan URL engineering explained 3 things make nissan gt r nismo damn remarkable via USR URL dalits moving towards bjp URL kejriwal political ambition could tear india apart URL barrel exhaust ghost URL rahul gandhi politics spit run bjp economic times URL standing ovation kangana ranaut URL beautiful piece journalism stories URL ravi shankar prasad congress running away debate URL via USR prime minister shri narendra modi stop parliament canteen subsidy immediately sign petit URL via USR union transport minister drive without borders one nation one road tax sign petition URL via USR deloitte hoodie URL must read mumbai gets flooded netherlands URL right protest yulin festival go back ur ignorant armchair USR URL 6 alien species currently fighting control earth URL 5 alien species desire enslave humanity URL check lightpack ambient backlight displays woodenshark USR URL hear muslim yoga instructor cannot see fuss URL via USR union transport minister drive without borders one nation one road tax sign petition URL via USR helmets URL artiste bengaluru creates crocodile road grab attention civic authorities URL kalpa vigraha oldest hindu idol lord siva 26450 bc URL via USR quit job got threats yet fighting right drive without borders URL conversation soldier software engineer shatabdhi train interesting must URL via USR targeting sushma swaraj lalit modi travel much ado nothing via USR URL jakob de roover ramachandra guha amp 8217 intellectualism amp 8211 niti exclusive URL URL via USR airbus brings india operation one entity says move aid make india URL via USR rafale deal modi masterstroke URL via USR corruption highest levels india disappeared says prem watsa URL via USR please retweet much possible URL mystery behind seventh door shri anantha padmanabha swamy temple URL president people republic china permanent mission people republic chin URL via USR USR appoint special prosecutor fast track murder case soumya viswana URL via USR paul bulcke USR USR amp jp nadda USR recallmaggi market URL via USR modi really insult india URL read sake decide truth unfolds presstitutes USR prime minister india amp home minister india make cbi probe mysterious URL via USR union transport minister drive without borders one nation one road tax URL via USR drive without borders petition reaches mr nitin gadkari URL via USR union transport minister drive without borders one nation one road tax URL via USR send trai views protect netneutralityindia savetheinternet URL aap aam aadmi party call sign changed called arvind aadmi party need compromise URL avinash pant nike india USR provide custom made shoes indian athlete swapna barman born 12 toes URL rajdeep sardesai provoked crowd attacked nri amp played victim game new york URL post krishna jagannathan open letter isro eve mangalyaan tryst mars URL another open letter arvind kejriwal amreekandesi URL via USR education minister kimmane ratnakar issue directive 2 schools blr 2 impose security measures 4 children safety URL breaking news iraq leaders vote legalising forcedchildmarriage tell vote URL via USR ask USR USR show fatal road accidents URL via USR shri prithviraj chavan prevent laxmi going back previous owners URL via USR letter yuvraj singh fan india today URL via USR ask narendra modi arvind kejriwal amp rahul gandhi 2 agree 2 national debate elections URL via USR tell USR quit mahan join 1 million voices save india forests iammahan USR URL believe products love free tiger extinction join together protectparadise URL USR cutting grass punishment rape hold rapists police account kenya set example world justiceforliz take action demand release activists freethearctic30 URL times campaign times campaign stop ordinance saves criminal politicians times india URL repair amp ensure ongoing maintenance roads hyderabad URL via USR waronwomen afghanistan stop bill could slash one last lifelines sign rt URL ask smt meria kumar speaker lok sabha refer rti amendment bill standing committee sign share URL cast criminals india parliament sign clean politics rt URL please send resume linkedin profile job description subject URL please send resume linkedin profile URL please send resume linkedin profile URL please send resumes linkedin profile URL shri manmohan singh prime minister government india save rti act amendments URL via USR lakhs indians asking politicians saverti add voice sign share URL cast criminals india parliament sign clean politics rt URL bhawar jitendra singh take stand proposed amendment rti act URL via USR check professional profile connect linkedin URL voted samuel rufus nallaraj theapprenticeasia vote favourite contestant URL aasam voted samuel rufus nallaraj theapprenticeasia vote favourite contestant URL aasam USR inc us stop bullying small indian company URL via USR rcb lost yet another important match outside home match ipl dhawalkulkarni crushing rcb ipl6 bhajji tornado win gaylestorm ipl6 jaipurs apathy support good samaritan hotline today URL dismiss police officials refused file complaints tried bribe amp failed act URL via USR mysore police commissioner gokulam women say hands help us end molestation harassment women URL via USR horrific 15 yr old rape victim maldives get 100 lashes tell president waheed stop flogging women URL donated wikipedia help keep free keepitfree URL indian officials charged crimes women resignbeforejan26th sign petition URL bristol hotel dlf phase1 gurgaon stop cancel honey singh performance new year eve hotel URL via USR 87000 signed URL help us reach 10000 meeting justice verma committee tomorrow stoprapenow open letter accomplished indian politicians URL via USR signed URL 75000 signed petition cji president stoprapenow time end rape impunity india sign get fast track justice home minister sushilkumar shinde URL president cji stop rape URL via USR new e skin sensitive touch self healing URL via USR water tanker runs aground sandy storm URL via USR starchild skull human alien hybrid hoax URL hyderabad world 3rd best city visit 2013 times india URL call pakistan make malala dream education girls come true URL USR URL USR nocoal extreme close ups human eye URL dirty dangerous corrupt URL via USR us eases visa application norms indians times india URL bright meteor two large eruptions sakurajima volcano nov 25 2011 URL via USR ancient alien question new inquiry existence evidence influence ancient phillip coppen URL two entrepreneurs bangalore try living 2 day URL via USR andromeda council 11 11 11 facts life 4th dimensional human URL started using ios5 ios 5 available download links URL via USR programming taught openminded URL alien body discovered buryatia russia april 2011 URL signed ready change world petition URL join firefox 4 twitter party celebrate newest version fx4 teamfirefox URL via USR discovered dealsandyou best restaurants spa premium services upto 90 percent discounts check URL USR com private fashion sales club men men men URL rockmelt browser imagined connect invitation URL wish joyful christmas great new year god bless signed petition end wikileaks crackdown sign USR URL please rt happy diwali september birthdays change world watch USR video URL via USR love shopping fashion bet love join URL meter jam URL hyderabad raining nokia life tools URL gudnite r sleeping abt sleep good day r still working rt USR sign petition tata save turtles URL get new home searching continues wisestamp email signature 1 3 5 add ons firefox URL poll URL wishing everyone great holiday season using eai siebel adapter URL anyone access google wave please send invitation reached la hollywood calling pretty busy work,1
pragnap916,relax beauty mask indian woman girl beauty mask hot love cute cutie URL rain favorite thing loverain monsoon mysoon rainyday myday cute hot beautiful lonely lonelygirl meetme whynot indiagirl indiarain indiaseason rainyseason wet totalwet shower lovely love mylove URL weekend plan one techgirl problem coffeelover lover cute coffee chai chailover tea teadrinker tealover lonely techgirl problem indiagirl indiangirl indialady lonelylady lonelygirl girlwhocancode techme weekend URL beauty colors beauty color blackandwhite black white brown red yellow beautiful beauty cute hot sexy cutie gorakala noracism diversity diverseworld loveall love kiss spreadlove spreadlovepositivity positive missme makelovenotwar URL hey tech better life URL feel nobody close eyes trustinyourself support needed necessary move forward theywillallcomeback itwillcomeback thanks transforming hindi film industry years mard longliveamitabh USR fun learn cute stree lt 3 USR fun learn hello twitter myfirsttweet,0
sivashunmugamp,URL heavy rainggggg hi frds URL app called mcent gives free airtime trying new apps URL sunmusic URL app called mcent gives free airtime trying new apps URL today boring URL,0
cheaproofer,URL snow hills URL things gonna change soon bit nice imaceleb get yer money moffatt imaceleb think anonymous hacking votes piss simon come else could honey get thru xfactor2016 believe omg shock honey stay xfactor2016 xfactor2016 someone translate big g said please xfactor2016 nathan much better honey g xfactor2016 honey g got got got balls xfactor2016 xfactorliveshows say honey say shit xfactorliveshows judge lot would pissed come shazza get another yer neck xfactorliveshows good matt xfactorliveshows yer good performance lassy xfactorliveshows bad think doomed xfactorliveshows shazzas looking good xfactorliveshows come shopping daughter URL monkey spider URL onbenefits URL onbenefits go rob next week running URL repairs reroofs guttering quick freindly service northeast,1
RichardsYnna,gardening free time makes healthy one cacti flowering plus rambutan seedlings grown taller table garden URL liked USR video URL salamat dok vertical farming okay eco liked USR video URL pechay growing container english caption liked USR video URL 12 hopechannel trilogycd chosen generation liked USR video URL 8 hopechannel trilogycd know thoughts liked USR video URL street foods compilation square butter crispy pancake ice cream roll tom yum soup lesson 06 blue toyota one day betty vaughn school teacher goes shopping mall near house leaves blue toyota big parking lot dewhours goes back car freaks deep scratch car door teaching green visitor busy eating hope dogs find lil guy URL let man say tempted tempted god god cannot tempted evil URL liked USR video URL sastre ni raffy tulfo nagsoli ng 5k liked USR video URL moen sing live URL clc news live october 12 2018 URL via USR liked USR video URL clc news live october 12 2018 aloha 一场让人赏心悦目的名画cos表演 这是ludovica carambelli剧团演员们还原名画的全过程 一气呵成的动作 流畅的配合 直到灯光定位的时刻所有人同时入 画 URL 来微博国际版看热门视频 URL URL liked USR video URL let go 3 unit 7 yesterday today 4th edition liked USR video URL let go 3 unit 6 time 4th edition liked USR video URL let go 3 unit 4 occupations 4th edition liked USR video URL let go 3 unit 1 school 4th edition liked USR video URL let go 2 unit 5 things eat 4th edition liked USR video URL let go 2 unit 1 school 4th edition liked USR video URL let go 1 unit 6 outdoors review 4th edition liked USR video URL spot space station backyard iss science liked USR video URL cosmonaut miss earth year space national geographic liked USR video URL inside new york luxury hotel dogs liked USR video URL weather super simple songs liked USR video URL causes cavities mel rosenberg liked USR video URL guy penrod hideth soul live URL liked USR video URL roll called yonder piano instrumental hymn lyrics maketh many friends doeth destruction friend sticketh c URL URL liked USR video URL twba robin padilla mahirap umibig pero masarap nothing faction vainglory lowliness mind counting b URL URL pretty molly URL liked USR video URL story ebola liked USR video URL watch safari live national geographic liked USR video URL try 30 body hacks see happens liked USR video URL digos good vibes chismosang silingan part 43 one god one mediator also god men man christ jesus gave h URL URL liked USR video URL besy choir hideth soul added video USR playlist URL hideth soul piano instrumental hymn lyrics liked USR video URL hideth soul piano instrumental hymn lyrics liked USR video URL journey open arms live concert hd indy 500 carb day 2016 100th running hd sound got back bro take care quack quack URL keep cool gives cool URL liked USR video URL learning colours kids english amp 华文 red brown green chinese 华文 taught temple could finished URL ye shall know truth truth shall make free john 8 32 asv URL URL dare lucky URL superman visited great wall china watching henry blog refreshing URL parole probation ministry community involvement today las pinas city URL earth paint pallets china rainbow mountains one example god artistic intelligence zhangye danica national park located gansu province URL display art like simply wow URL cat warm even coldest heart URL liked USR video URL national geographic drain bermuda triangle liked USR video URL judy ann santos attends abs cbn ball ryan agoncillo mood play playmate URL via USR mascara glitters like URL via USR hundreds sheep cross famous london bridge URL via USR superman great wall china URL via USR love letter URL URL love letter URL via USR URL URL remember joined twitter mytwitteranniversary URL happy mid autumn festival URL newprofilepic URL URL URL URL wherewithal shall young man cleanse way taking heed thereto according thy word psalms 119 kj URL casting care upon careth 1 peter 5 kjv URL URL URL URL URL video URL URL URL URL URL video URL ever worry URL,0
WaldenRiver,在银川 URL 这个经济数据 URL 哈哈哈 URL URL URL 南京 URL URL 南京街头漫步 看到名人故居 URL ge apple next URL 时代变迁 URL 高油价的原因 URL 去台北 URL 国庆节快乐 URL 高效开会才行 URL 总有神人在 URL 怀念慕尼黑啤酒节 URL URL 在祖先的土地上流浪 60th anniversary ningxia province URL new maevel x URL marvel x URL 学习型组织 URL 破纪录瞬间 URL URL 新的马拉松世界纪录 2 01 40 URL 最佳电影 URL URL 新疆 URL 6 it巨头日子难过 政策风险加大 新的盈利点难找 模式创新和人口红利走到尽头后 技术创新很难找到感觉 3 金融去杠杆后开始去产能 金融从业者严重供过于求 民营资本未来与金融业无缘 4 传统金融利益链条被彻底打破 金融高歌猛进时代结束 新的机会在零售金融和科技金融 5 政府财政仍捉襟见肘 土地财政和借新还旧两大模式难以为继 招商引资压力很大 6 it巨头日子难过 政策风险加大 一个投行从业人员的感悟 6天6城北京 上海 延安 西安 深圳 合肥 北京 见了国企民企政府金融机构一线调研几点感受 1 整体形势不容乐观 各行均信心低落 悲观气氛浓厚 经济冷政zhi更冷 2 国进民退现象明显 上市公司大股东消灭不少 上游资源型国企盈利情况创历史新高 下游压力较大 涨跌互现 URL 这是涨的 URL 趣头条上市 大涨了不少 恭喜 每天都有新闻 热点转换太快 近期股市 URL 看多pdd URL 不要怀疑 URL 阴天 感觉一切都会好起来的 URL 朋友圈里有妹子发 512 三天 我吃药 是啥意思 昨天惊心动魄 nio大涨一倍 URL URL 天下大势 美景 URL 国富民穷 URL nio上市 URL URL 9 13 苹果新产品 夜幕降临 URL road hope URL new hope 2018 9 12 准备出发去机场 再见 柏林 再见 德意志 在康斯坦茨 URL 昨天一路向北 URL 德国开车流水账 d4 9 30 上午林道游览 中午赶到meersburg游览 下午康斯坦茨游览 之后4点40经斯图加特开到纽伦堡 400多km 全天600km 德国开车流水账 d1 9 27 无忧宫出发 下午经停纽伦堡 晚上到慕尼黑 500多km d2 9 28 上午游览慕尼黑 中午出发去基姆湖国王湖晚上8点返回 往返400km左右 d3 9 29 上午出发中午到楚格峰 登顶喝啤酒 下午4点半赶到新天鹅堡 7点赶往林道 全天200多km 慕尼黑啤酒节 URL 国王湖 URL 从新市政厅往下看 玛丽安广场 慕尼黑 URL munich的地铁 比柏林新多了 URL munich市政厅 玛丽安广场 URL 出发去玛丽安广场 慕尼黑啤酒节 美丽的德国南部 高山 湖泊 城堡 巴伐利亚 德国 URL 德国经济南部比北部明显发达 默克尔连任后会往哪里走 菩提树下大街的沿途 9 25 URL 纽伦堡皇帝堡的建成过程 德国 URL munich慕尼黑啤酒节 德国 URL 纽伦堡的皇帝堡 地势很像布拉格的布局 欧洲建筑 URL 修缮中的圣塞巴尔德教堂 德国 URL 纽伦堡圣诞广场的美泉 纽伦堡 URL 转 facebook旗下类似微信的通讯服务whatsapp目前已被中国屏蔽 无法发送接收消息 无法连接服务器 该应用使用加密服务 发送和接收消息均采用端对端加密 无法被监听 19大 纽伦堡皇帝堡 欧洲历史 URL 德国 双头鹰的来源早就11世纪就开始了 纽伦堡 URL URL 开心生活 URL 纪念历史 勿导覆辙 URL 柏林的历史 世界近100多年的历史 URL nike的抢镜 赞助的选手拿了第一名 berlin marathon URL 成绩刻在手环上 柏林马拉松 URL 柏林马拉松成绩 报纸刊登 9 25 URL 小雨中的berlin 今天开车南下去慕尼黑 URL URL 柏林马拉松完赛 URL 2017年9月21日下午 到柏林 abu dhabi URL coming soon URL 再上来看一下 URL 抄底的机会来了 股市的股灾 URL URL URL 雨后在上海 URL 这是哪里 URL uber打船 URL 6 17 URL URL URL URL URL 市发改委 URL 刀削面机器人 URL 期待 URL back china 哈哈 URL lbj return king USR URL bye dallas URL 超级巨星决定一切 URL 小牛的主场边上看第三场总决赛 URL dallas URL waiting midland airport everything oil field nothing else midland midland URL 孤星共和国 URL boston midland URL dallas URL haha URL harvard universuty URL 今天冠军杯结果会如何 URL URL URL URL URL URL URL URL mit URL aa的logo换了 URL 回来了 URL back boston nice cable ready sept 17th 2012 bibigo westwood la happy everyday everyone 7 18 new week 今晚去跑步 come back 10km wuxi coming keep running june 25 wuxi coming time mavericks go go go f day 豁然开朗 油价下一个目标 8 5元 dallas good morning maanshan nanjing hangzhou shenzhen guangzhou shanghai 上周 期待小牛大胜 广州归来 新年新气象 USR sf denver sh sf denver 今天早上 很好的开始 新年新气象 古今多少事 都付笑谈中 邮政的ems就是个悲剧 昨天早上南京发出 今天晚上还没有送到上海 这样的速度实在无语了 双鱼的今日运势 太准了 收了一笔借款 美国宇航局在北京时间今天凌晨3时举行的新闻发布会上宣布 研究人员在加利福尼亚莫诺湖进行的试验首次发现 地球上的微生物也可以利用有毒的化学元素砷生长 繁殖 这种微生物在其细胞成分中以砷取代了磷 2018 俄罗斯 2022 卡塔尔 fanfou coming back long dream sad black 人生不如意 十有八九 怒放 演唱会 感冒第4天 有个人说到了鼓浪屿 居然无需面签就过了 rp 啊 rp 豆瓣上有人问 有没有结局是坏人取得胜利的电影 答 建国伟业 2010年9月22日 美国当地时间 温家宝总理在纽约与美国华文媒体和港澳媒体负责人进行座谈 再次强调了 政治体制改革 的重要性 温说 关于政治体制改革 我曾经讲过 经济体制改革如果没有政治体制改革的保障 也不会彻底取得成功 甚至已经取得的成果还会得而复失 2010年8月21日温家宝总理在深圳发表题为 只有坚持改革开放 国家才有光明前途 的讲话 谈到 不仅要推进经济体制改革 还要推进政治体制改革 没有政治体制改革的保障 经济体制改革的成果就会得而复失 现代化建设的目标就不可能实现 智利矿工今日出井 金正日长子金正男受访 个人反对 三代世袭 王乐泉亲自赴辽宁 拟押刘晓波回京关押进秦城监狱 小月月 炒作揭秘 幕后女主角竟是美女作家 转 晨报 上海市民为买二套房假离婚现象增多 这片神奇的土地上 每天都在上演奇迹 nnd 闵行总是出神人 凤姐够吗 小月月够吗 oct 14 少林寺 我来了 谁用过twitter iphone 重读国富论 深刻了解 慎重思考 oct 8 又一个中国人获得诺贝尔和平奖 7月 酷热天气 酷热出差 暴雨天回家 双跳灯无数,0
Benosaurus_,like say thank helping kirby maker reach 1 million views never life thought get video 1 000 000 let alone 2 also 7 000 subscribers never thought hit thank supporting channel means much idea URL 5 million views remember hitting first 100 amp absolutely blown away someone even wanted watch content right even know say 1 000 000 views blew away completely 5 000 000 unbelievable thank still feels like dream URL imagine running bob omb battlefield flying f l u across isle delfino jumping planet planet power galaxy combined switch well well well video URL URL happy easter everyone wish good day URL never life think would see fitness game switch sell around 150 resort able get buy french amazon get near retail price URL celebrate 10th anniversary super mario galaxy 2 may amp strong rumours super mario galaxy announced switch thought would interesting make super mario galaxy collection concept trailer watch URL URL played super mario sunshine today amp man nostalgia really love game unique mario universe however forgot annoying game example camera amp physics really hope game comes onto switch issues fixed time moves learnt mistakes mainly nsmb switch video today decided fully move onto nintendo content reviews amp trailers concepts obviously remain also love discussions predictions amp maybe direct reactions watched already recently review animal crossing new horizons would like watch please URL URL bit late news really hope mario rumours true true could totally see nintendo release super mario galaxy collection separate releases mario 64 super mario sunshine hopefully physical guys think news 1 000 000 views humbled honoured speechless never thought lifetime would ever upload video would reach 1 000 000 views thank everyone watching content years going try return uploading soon promise URL welp nice knowing URL wanted send thanks reaching amazing goal believe managed hit 6 000 subscribers still feels like wild dream thank everyone support really appreciated hoping get something special planned thanks URL,0
bagocats,prospectors claim jumpers downside national popularity dirtbags URL winter arrived amused URL truly amazing artistic talent display wizardworldcomiccon URL URL got inept cdc response history nice see tax work travelban case 2 ebolacomestotown USR one wheel motorcycle invented italian g de udine 1931 maximum speed 93 mph URL soooo cdc brad pitt speed dial ebolacomestotown chicken quite stir fried URL USR USR called URL go happy call may monitored quality assurance seriously doubt USR wild boar fgitw fatguysinthewoods bring pork chops vicious way start cold wet gettin dark amp fire fgitw fatguysinthewoods USR death death death death fgitw fatguysinthewoods funny guy takes true scumbag steal boy scout trailer normanoktroop245 think also use fat waterproof boots possum fgitw mmmm possum dinner fgitw wonder creek would sell truck fatguysinthewoods lettin geek flag fly URL local traffic report people take damn bus USR electric zoo 2014 URL party fake cell phone towers gotta love privacy drawn last breath load bs evans tossed targeting fall arrived URL bad place break jerseymikessubs URL see beef burrito bushes fatguysinthewoods doctor take week fill dvr capacity new art URL damn well played side red card galaxy run mouth believe yellow crew flew w la galaxy yellow card really useyourenergy twerk us perk saturdayniteenergy ahhhh yes little megadeth soothes soul damn rip robin sorely missed new decor URL guardiansofthegalaxy awesome green alien chick amazing kirkwasright love things wired backwards post job function check anybody garden raid success future hot sauce secure URL bringing ebola infected states wtf botched executions always gallows headsman axe new show weather channel fat guys woods possibly deliverance sequel summer back URL days fun never ends yep still work,1
Siobhanyu1999,want,0
rsnvas,great man URL,0
chris_leawood,iran came called top state sponsor terrorism URL iran middle east notice saudi purge war horizon america israel kicking chops iran nk irrelevant point conversation take step back become disturbed accusations men metoowhatsitallabout revelation us saudi culpability creating isis ignored mainstream media team trump URL saudi arabia gets serious neom investment zone URL,1
RosannaLord1,ironic loudest opposition always ones hide identities clearly stand convictions URL live publicchildprotectionwales last night exposing brecon town council drag story hour notappropriateforchildren URL URL brecon town council stop exposing children inappropriate performers sign petition URL via USR truth hurts much damage children USR URL URL first time ever witnesses something nature traumatized bird prey swooped picked duckling duckling mother duck paddling river quacking looking animals ducks emotinal hold vision trust process another outstanding sunset evening absorbing peaceful vibes sunsets sky colours peace breconbeacons brecon naturephotography pink URL eyes really big belly 5yearsold son craftyfingers imaginationarts imagination kidsthatcraft eyes eyes kids URL calm storm im love view windows bigger nofilterneeded calmbeforethestorm birdsoftwitter breconbeacons brecon lucky URL familytime auntie mum tophats cocktails partytime URL kids got better imagination could ever wish kids 4yearsold parenting fun googlyeyes lovehim happiness URL newprofilepic URL jeremy corbyn robin hood government reaps rich gives poor topguy forthrpeople heknows notie mo farrah beautifully polite genuine proud guy topguy tell government want big oil national parks URL cc USR exactly 1 year ago today via USR URL URL exactly 2 years ago today via USR URL URL time flies URL URL song 1 myles born quite fitting labour 41 hours time flies URL URL crazy think year ago myles tiny time flies change second though x URL lush day monkey prom sun URL cheeky selfie floweryshorts URL rain pours love smell rain spring supersenses believe little munchkin 1 already time flies best year life already URL thought lost phone checked everywhere last check bin found idiot tootiredtofunction seeing colin runner morning makes day topguy alwayssmiling sleep beautiful day would much rather sat beer garden getting ready work itsahardlife happy day david day lookin forward tonight thought fair put monthly tweet best people always get dealt shittest hand play lifesnotfair URL amazing friend fundraising charity USR amp could use support support URL URL USR smarter people tend make sarcastic comments quicker people smart USR USR species fly named beyoncé big golden butt called bootylicious fly USR USR im workin till 8 cv oming myles good hes gettin big kicking like mad lol x URL URL URL USR sometimes right path easiest one grandmother willow pocahontas quote day pepper pig quotes best USR haha u plum USR world everything would nonsense alice alice wonderland today woken much better mood smilesallround happy cheese sauce ova entire inside oven ended wearing potato gratin actually quite nice topchef toptwat sat bed eatin sweeets best life ever happy days roast dinner lovinglife really need fry USR curiosity often leads trouble alice alice wonderland USR trade anything never never friendship best present ever tigger USR x like best day ever today thank u miss mcnaughton xxxx loving beauty geek itv 2 love happy days nothingcangetmedownnow omg best album ever URL eating haribo bed 5 36 cosimabadass early night cards sleep sleep sleep URL sun beautiful sun braveheart love film x  future looking bright orange p sleepy time zzzzzzzz happy failure option xx,1
iammikaalbilal,URL eid mubarak USR URL eid al fitr mubarak muslim URL 19th birthday karachi pakistan URL USR good job USR URL india might win matches others days father day got show daddy pakistanzindabad USR love pakistan URL father USR pakistan pakistan_zindabad USR USR USR man father takes someone special dad happy_father day URL wow URL yes angel URL gorgeous USR beautiful URL thing beauty joy forever USR drop drop fill ocean URL wow amazing URL amazing movie incredible love story URL USR great singer URL burj khalifa green pakistan 77th republic day URL URL pray london USR USR USR pakistan day congratulations love pakistan URL,0
PecuniaryPoet,wondering pondering considering poem elon musk means spend lot time reading guy first idea jolly old time USR peter considering getting started twitter follow much appreciated old age comes us downloaded podcast roundabouts today hour long find looking forward listening laughter tears memories lehman brothers 10 years poem URL decade day since lehman collapse seems like appropriate time start rhyming finance,0
LoneManMusic,one us piece collective human body achieve unity need everyone soul gets lost lose someone prayer answered g win darktolight took whole 1912 piano apart last screw put back together needed little break holding tuning better URL bring holy mountain make joyful house prayer burnt offerings sacrifices accepted altar house called house prayer peoples yesha yahu 56 7 know find gold silver wisdom found source understanding job 28 12 said man behold fear lord wisdom depart evil understanding job 28 28 shall go around tale bearer among people leviticus 19 16 darktolight hidden agenda schools vs building true lasting values home darktolight dailystudy chumash URL required complete task yet free withdraw pirkei avot ii 21 hasten get things done never give efforts intentions truly matter darktolight water wears away stone job 14 19 never give sometimes seems accomplished nothing every action leaves impression world darktolight joy happiness main sources strength one wants draw closer god serve joy god strength nehemiah 8 10 lm 22 9 shall wrong one another shall fear g leviticus 25 17 forbidden verbally distress humiliate another human effort g blessings work together likutei sichot vol 16 pp 177 178 acquired knowledge lack lack knowledge acquired nedarim 41a cast path life onto lord trust act tehillim 37 5 try impress daddy speaking spanish gives napkin dirty mouth URL even negative things man world exploited good one learns derive lesson service creator rabbi israel baal shem tov earth radiates glory ezekiel 43 2 g glory like light something material stands front something spiritual casts shadow one negative traits cast shadow g glory causing light hidden sichot haran 136 egypt prototype exiles exiles ruling culture urges us raise children ways promising path attain material social success likutei sichot vol 1 p111 darktolight presented without comment URL better throw oneself fiery furnace shame another person public berachot 43b tzemach tzedek replied person rebels king becomes liable physical death one rebels kingdom heaven liable spiritual death serious hayom yom 24 chesvan sunlight playing holograms uprightbass URL purpose g hidden light lack unity chaotic darkness ethics fathers 3 5 darktolight URL righteous person eats satisfaction belly wicked always feels empty proverbs 13 25 never truth without faith zohar pinchas 230a journey victim journey darktolight lest among man woman family tribe whose heart strays day l rd g goes worships gods nations lest among root whose fruit gall wormwood nitzavim 29 17 psalm praise david extol g king bless name forever ever tehillim 145 1 g yearns prayers righteous yevamot 64a survivors change world focused surviving way changing world comes fulfilling one divine mission darktolight taste see lord good tehillim 34 9 g candle man soul proverbs 20 27 darkness evil stand light g soul candle sent reveal light please darktolight one achievements blessing g one prosperity g benevolence amp kindness darktolight shall murder shall commit adultery shall steal shall bear false witness neighbor shall covet neighbor house wife anything neighbor exodus 20 13 14 basis social coexisting darktolight lord g called man said b resheet gen 3 9 echo g question since till enables one return useless knowledge even true take right track wrong place wrong context one us light must used illuminate inspire wait darktolight receiving great able give even better hide g kindness darktolight 11yo dad play giant farting violin URL increase good focus good truly good actions eternal build future contrast evil actions cloud good good redeemed revealed choose life goodness darktolight darkness something evil URL old age hoary years sustain made carry sustain deliver yesha yahu 46 4 contrive scheme foiled conspire plot materialize g us yesha yahu 8 10 fear sudden terror destruction wicked comes proverbs 3 25 simple human give good stranger imperfect heart amp kindness without expectation reciprocity reward imagine g moment arrives arrive moment darktolight one responsibility toil make world great place put every available effort go far imagine likely finish task imperfection enables perpetual cooperation generations darktolight wherever life always critical component missing remainder need faith trust g day brings new light darktolight thieves robbers position deliver peace justice world continue deceiving fighting end quantum physics observer heavy effect definition event phenomena choose submissive rules nature servant g understands g blessing enables nature run course main component success talent effort fear reverence g shall stand presence person gray hair show respect old shall fear god lord vayikra lev 19 32 lesson learn kids really want change world go study torah learn incorporate knowledge everything serve g darktolight politics full leaders lead nowhere called public servants waited revolt conveniently jumped wagon freedom amp people one must eradicate leaders personality listen g amp walk ways darktolight lesson learn kids trying control freewill large population leads communism tyrannical governments run whole troop men god leap wall tehillim 18 30 words supernal effect use good darktolight shall serve lord god bless food drink remove illness midst exodus 23 25 desire truth innermost parts show wisdom hidden place within psalm 51 8 compassion rebuild broken kingdom darktolight exodus 14 14 tyrannical lords see people equal bodies basic form able see attributes race gender vaxx unvaxx understand light individual unique function world ironic pop culture greatest minds experts amp advisors also ones planting doubt division darkness audiences thoughts emotions actions darktolight enemy hungry feed bread eat thirsty give water drink proverbs 25 21 151 paths lord kindness amp truth keep covenant precepts tehillim 25 10 advantage light darkness advantage wisdom folly ecclesiastes 2 13 hidden light inherent within darkness way beautiful revealed light naturally see nothing wrong saying know admitting one limitations strengthen one credibility darktolight darkness comes greater light king solomon read article probably 3 years ago blew mind poetic amp relevant everyone today victory human soul artificial intelligence USR URL miss diagnosis make wrong treatment agenda wicked fake real 2x efforts make world brighter wolf live lamb leopard lie kid calf young lion fattened lamb together little child lead yesha yahu isa 11 6 see good redeem see look deeper person reveals good darktolight let joy break darkness bring forth redemption truth moshiach darktolight wisdom poor man despised words heard ecclesiastes 9 16 careful lest forget adonai g heart shall swell shall say strength power hand amassed success deuteronomy 8 11 17 thankful associated acknowledgment also way shift mentality positive brightness darktolight every thing time season every matter heaven kohelet 3 1 look strangers opens door jealousy hate even murder must find bring us closer enable kindness love life darktolight might beyond one limitations beyond one natural inclinations everything one disposal URL man ways please g even enemies peace proverbs 16 7 see evil find another soul trapped side darkness hold hand find light switch darkness war vanishes presence light harmony define goals adding way success also give make positive impact community unlock secret giving receiving darktolight hide inner light world reach amp make shine darktolight good see evil negativity discover nothing new uncover good anything see become source revelation truth darktolight synergy cause effect exhile redemption makes possible revelation unity finite infinite revelation divine power creations true essence engraved core everything darktolight evil wants soul poison head agendas bringing fear amp division heart break submit body compliance evil tactics rooted darkness evil wants soul power light study torah darktolight must align knowledge context life master ways become united oneness amp harmony without looking know good bad share essence amp one needed fulfill collective mission darktolight seek g understand proverbs 28 5 person goes one source another trying draw conclusions lacking true capacity learn anything usually gets lost ego darktolight ask advice unless ready follow darktolight root freedom fear g darktolight every word say defines amp gives life reality use super power good nothing good say silent withhold words positivity encouragement darktolight choose frequencies sounds harmony every moment darktolight URL thank g giving opportunity trust URL nothing free take anything granted give credit g pray increasing faith trust wisdom handle success shortcomings protection forms evil URL put world fight die rights righteous causes live amp harmonize principles society heal walking ways g darktolight shall wrong one another shall fear g leviticus 25 17 forbidden verbally distress humiliate another darktolight nobody perfect let stop trying right never ever stop trying instruct direct path take advise eye upon tehillim 32 8 focus light truth obscure details darkness job master ways life truth darktolight wherever real propose choose right avoid negativity increase light reveal good seize opportunity darktolight connected fall maybe time rewire hearts intentions thoughts able see beyond nature darktolight must focus understanding ways righteousness life amp light darkness world vanishes quickly presence truth location determined thoughts focus mind present time darktolight sometimes make mistake take days life granted need remember thankful make every moment count prayer torah study loving darktolight core everything truth bother follow desire global influencers advice amp status kind vehicle good explote capacity action amp strenght use everything got journey good work knowledge wisdom grave going URL tell fake news afraid recognize shortcomings amp bad news breaking darkness adversity part growing move forward trust g plan URL give credit g kindness challenges days feel overwhelmed ask mercy cup full wine praise name URL walk walk integrity true power come titles way people perceive sell ethics flirt wicked morals URL master emotions amp make productive turn negative positive let feel strong like storm 100 control URL everyone important accomplish human mission world must appreciate amp respect eventually learn love love soul gets lost lose someone prayer answered g win URL unleash power say contemplate life propose dare understand meaning events surround days understand value moment therefore must take courage prioritize really important URL engage negativity darkness walk away schemes evil let trends live head instead try learn good stuff read torah amp reach help others use words good URL use got amp develop connection g personal process must work rely external factors arrange important meeting URL let political views titles trades define define reality essentially common souls body sent g mission transform finite material world able host reflect infinite light g URL withhold kids g sometimes forget ultimate propouse g make us partners raise good children want kids succeed must bring close g way darktolight watch tv since 2006 missing identifying enemy key wage successful war darktolight need remove darkness light battle darktolight god blessed god said fruitful multiply fill earth subdue rule fish sea birds air every living creature crawls earth b resheet gen 1 28 stay focus team darktolight world constantly created kindness true wealth comes giving said smarter technologies trying define us brag need access technology live world,1
MSputnikrs,URL URL na bosforu URL URL има само 30 година URL britanci napustaju eu ali ostavljaju vojsku u nemačkoj kad će nemacka prestati da bude okupirana zemlja URL URL URL на данашњи дан русија је победила до тада непобедивог наполеона бородино URL бородинска битка како су руси победили наполеона видео URL URL engleska kraljica se klanja bisernom maču budi li se treća britanska imperija URL URL kad zapleše kalašnjikov sirija igra video URL URL ovo treba da se vidi osam najspektakularnijih provalija na planeti foto URL URL све спремно за турски пројекат века канал истанбул URL,1
kamykamalani,USR would five year old version look think ew gat brain freze ew URL mencrushmonday URL got done watching amazing spider man 2 little brothers loved USR USR USR pretty much URL lyyyyyfe URL stuck head URL since sochi olympics mcm URL enter macbarbie07giveaway enter macbarbie07giveaway fuuuuuuuuuuuuccckkkk took nap contacts _ USR USR askblessthefall total forever alone pictures elliot taken USR askblessthefall whats total forever alone pictures elliot taken wtf 110 degrees today sooo uh two kids left right tryna slick pick nose pssssh see tryna pick flick o_o USR URL USR girl eyebrows nowadays look like nike signs ahahaha dead congratulations USR USR exciting congrats lt 3 shut really annoying __ USR URL peace drinking water watchin USR sw melbourne video part wearing austin short made choke water ahaha USR sniffed marker recess faded bent merked USR lmao middle schoolers thinkin cool n shit USR person addicted heroin USR USR started bottom believe still currently sitting bottom ahahahhahaha USR talking someone hold conversation people wonder txt __ ur ig name sometimes little bit mcr make day better ü USR lmao dead URL USR take anger gt USR people cough sneeze without even covering mouth shit nasty gt lt USR check behind scenes video bulls n bronx USR URL yeeesss dead USR URL USR entire dictionary written dick want put words mouth ahahahahha mom fan USR USR great see power web music fans good cause kellinmeetmarie URL USR USR 13 year olds trying hot go play sandbox something ahahahhaha USR procrastinating know clap hands clap clap USR someone step shoes sound like USR p USR awkward moment sarcasm work text suuuper awkward _ love USR USR URL story life USR current mood need money buy band merch duuuhh ugh school needs hurry end 4 weeks summer teachers hitting students shit USR happy birthday hope good one USR,0
bg4wibk3g1x4Tel,URL URL URL URL ععهننتال URL URL URL الحمدلله رب العالمين URL URL USR URL USR URL,0
dleup,eds got smile prince eds got looks movie star hup holland hup zoomies dog seems pretty capable URL bc lions ceiling fan URL,1
moon__warrior,clearly nobody leading australia right let alone leading climate action need election demand greener fairer country budging till get sign petition gt gt URL attending USR event rise climate ryde gladesville climate action group rsvp URL,1
WallSt,tell know stop telling us feel fixjournalism interesting jussie smollett intended expose imagined prejudice tribe instead ended exposing real one post feelings things though ubiquitous facts bothered broader implications work civilization large imtheradicalleft governor USR brother USR runs news always fair honest imtheradicalleft make 12 50 hr give USR smart thing future imtheradicalleft love waiting line bread USR thinks awesome imtheradicalleft support USR knows precisely conveniently important rush judgement kavanaugh appropriate wait facts smollett imtheradicalleft celebrate murder unborn children imtheradicalleft whining piece shit thinks world owes something play victim get e g jussie smollett imtheradicalleft like batting away flies imtheradicalleft hey guys went real world couple hours realized nobody actually cares twitter political media shit kinda nice think might go try live awhile journalists covingtoncatholic jussiesmollethoax need learn meaning learned damn thing refuse hold accountable oops mistakes happen lines blurred yadyadyada USR gotta love media pols urging everyone else take step back wait investigation conclude jussiesmolletthoax rushed called maga hats klan masks 30 seconds first heard story folks last night attacked two progressive non binaries put vr mask head displayed USR chyrons shouted green new deal absolutely practical cis wh h ro completely traumatized welcome 2019 america jokes klobuchar mistreating staff funny honestly millennial progressive socialists deserve slap face often receive makes like klobuchar even remember balloon boy USR used uncover hoaxes instead propagate jussiesmollethoax grateful giddy jussie smollett attack USR USR USR journalism get better moment journalists collectively decide better start good job instead defending poor job stop talking trump stop making case job well case made hilarious journalists block troll like omg gonna get bs 260m people spewing crap platform alone survive without reading nonsense USR USR etc lols hey guys story might racism journalists URL good news discrepancy journalists demanding apologies issuing tightened significantly last month think something proud nationaldrinkwineday everyday journalist yay twitter check couple top free journalism schools u URL URL went twitter university got job USR within hours actual journalist 2019 jussie smollett case big win journalism right covington kavanaugh thousands great works last 3 years profession really woke strong alert 8 year nap 2008 2016 jussie smollett host oscars catch hilarious snl skit fake jussie smollett attack liberal media politicians ate USR bother suspect pure comedic genius keep good work 30rock love journalism industry soooo respected every half baked poster every half baked social media channel advocating behalf thinks one alexandria ocasio cortez sucks miserable loudmouth millennial dembot recites howard zinn political philosophy like douchebag matt damon blew bar good hunting please mainstream media tell snl say politics last night watch continue feel free assume care twitter society star belly sneetches crumbling schadenfreude socially lynching today democrats dear party hope justice anyone social media stop think give sh meal white house serves cfb champions repeat fu lt care care players get college degrees care get paid booster clemsonwhitehouse everything read social media pumped ad nauseam propoganda machines abc nbc cbs fox cnn name makes stupid informed merely accounted controllable outrage manufactured muthafuckin problem congresswoman calling potus motherfucker b muthafuckas mad congresswoman called potus motherfucker c fact waste sorry ass muthafuckin life social media thinking something important idiot representative state volunteers weaken state voice influence ultimately citizen rights voting abolish electoral college person horrible job represent new yorkers feel free disagree social media dies 2019,0
blvdr,saves one life political cartoons al goodwyn URL handshake eulogy URL practical truth lockdown work unsustainable URL change world URL government intervenes everything goes hell democrats cite hell created demand another massive government intervention URL sanity tries poke head fog climate change pseudoscience became publicly accepted URL via USR political equivalent einstein general theory relativity prager equation explains evil daily wire URL,1
Mayilickersnatc,nikola tesla 2017 update exposing death theft amp cover nikola URL via USR URL URL URL truth technology covered everything electronic today invented 1920s nicola tesla scientists behind URL need find connection antarctic governments vatican fly frozen check pics URL,1
fedlarson,earning mpoints rewards intellicast URL fitting tribute 13 veterans burial yestetday URL moving tribute yesterday miap funeral service URL steak fry tonight vfw 9972 sierra vista URL miap mission funeral 13 veterans saturday 1300 hrs southern arizona veterans memorial cemetery fred phelps anti gay westboro baptist founder dies URL via USR think wind forecast tomorrow suppose get 50 mph gust yah sorry dan yah well hummm know either dan kidding dan read mention taking guns away vets ptsd friendly reminder vfw general membership meeting tuesday 19 00hrs today today paint house free month 1 2 either dan responsing bertcork tried sending unit 4 assignment could see followed wanted try email fedlarson USR com steak fry tonight 530pm 730pm smoother mushrooms onions mmmm scam va warning veterans give credit card numbers phone callers claiming update va prescription information friendly reminder general membership meeting tonight 1900 hrs forget bring membership card vfw post 9972 sponsoring 2222nd army national guard deactivation party vfw 9 15 1830 hrs ceremony tucson 10 4 big dan vfw exect meeting tonight 1900 hrs yes heart attack know far power point presentation usva nca conferance hsrp vfw members photos using training vfw general membership tomorrow tuesday aug 11th vfw post member get involve help support veterans come today schnitzel dinner vfw starting 1730 1930 dragoon mountain boys start entertainment 8pm hey shorty needs colorguard monday post cemetery july 4th bbq club area 2pm 6pm potluck bring favorite side dish also going help,1
OpinionBalanced,understand snp wants leave united kingdom union joint european union thought wanted independence uk eu URL sure anna soubry fears reflect political climate vote parliament final deal majority parliament pro remain hard see hard brexit becoming reality URL eu seeks powers stop post brexit bonfire regulation sounds like eu wants britain remain abide rules regulations still USR URL sdp center left parties need focus economic issues stop dismissing voters fears regards immigration perhaps presenting case immigration would help instead labelling opponents racist URL look like point negotiations uk government already given eu want get nothing return uk eu brexit URL austrian far right joins coalition led pm sebastian kurz bbc news URL turns socialist government worst thing happens country imf politics economy URL new article juncker plan mean europe politics europe eu juncker URL recycling burnt birmingham waste disaster URL keep date latest articles URL uk politics economy britain ban new petrol diesel cars 2040 minister says government make reality URL thought britain relationship saudi arabia democracy middleeast uk saudi politics URL great man chomsky URL brexit minister linked group used loophole channel 435 000 dup URL check latest content URL ge2017 tory labour libdems ukip greens parisclimatedeal leaders lost touch reality like banks aditya via USR ukpolitics URL bored ge2017 read latest article new green deal URL greens uk energy economy politics uk read latest article ge2017 follow link URL tories labour politics uk electionday2017 new latest article green new deal URL uk green energy economy politics agree final thoughts ge17 campaign follow link URL find labour tory politics uk new ge2017 final thoughts analysis campaign check URL conservatives labour politics uk two new articles posting soon check URL ge2017 tory labour greens parisclimatedeal parisaccord great question reporter great video USR URL politics saudiarabia iran tired old news stories try USR URL politics ge2017 economy uk europe usa jeremy corbyn win uk election URL general election 2017 leaders part 2 contenders coalition URL ge2017 liberals snp ukip brexit general election 2017 economic arguments considered part ii URL ge2017 tories labour politics uk snp ukip general election 2017 leaders part 1 contenders pm URL may corbyn ge2017 brexit uk politics general election 2017 economic arguments considered part URL economy ge2017 tories labour liberals snp brexit return hard irish border URL ireland eu brexit dup sinnfein politics ge2017 thoughts scottish independence referendum ii URL snp tories labour scotland uk eu brexit indyref2 union general election 2017 reaction analysis URL tories labour snp liberals ukip dup sinnfein ge2017 david cameron big society policy disappear URL tories labour ge2017 cameron may corbyn politics snp africa benefited china economic connections continent URL china africa usa trade geopolitics gibraltar mrs may falklands history tells us URL history eu spain gibraltar brexit tories uk difficulty scotland opportunity URL ge2017 snp tories labour scotland eu brexit indyref2 benefits conflict islamic republic URL usa politics uk business geopolitics new ge2017 leaders part 2 contenders coalition URL conservatives labour snp liberals politics piketty gives us something consider global progressive tax individual net worth ge2017 economy URL greece fails secure fresh bailout funds URL part 2 general election 2017 economic arguments considered URL generalelecion17 uk politics economy sweden got socialist economy booming URL snp vs tories scotland ge2017 read thoughts indyref2 URL scotland union uk politics may new maggie approach gilbraltar tell us URL ge2017 generalelection eu tory labour build ge2017 boring read article china africa URL china africa geopolitics usa ge2017 heading polls click link read opinion URL tory labour uk politics eu ge2017 undecided vote economic arguments important follow link URL politics labourmanifesto announced today read take battle 10 URL ge2017 labour conservative uk politics two new articles posted week ge2017 check following link URL uk eu politics tory labour new general election 2017 leaders part 1 contenders pm URL ge2017 uk politics eu tory labour general election 2017 economic arguments considered part URL generalelection2017 uk economy politics check latest content following link URL ge17 conservative labour liberals eu usa uk brexit de escalation plan syria work USR syria URL URL new brexit return hard irish border URL eu ireland uk ge17 union history politics want know balanced opinion created check link find URL uk eu politics geopolitics benefits conflict islamic republic URL uk politics economy business geopolitics usa trump uk difficulty scotland opportunity URL uk politics snp indyref2 conservatives union eu africa benefited china economic connections continent URL geopolitics china africa economy usa david cameron big society policy disappear URL uk politics bigsociety conservatives cameron labour general election 2017 reaction analysis URL uk politics ge17 conservatives labour libdem snp ukip gibraltar mrs may falklands history tells us URL uk eu gibraltar ge17 stay updated latest content following link URL uk politics economy geopolitics usa thoughts scottish independence referendum 2 URL scotland uk eu election2017 politics hello twitter myfirsttweet,1
xgloavt,з _ ε URL sharing 0ut ʖ URL p0 ting ag1an ᕦ ò_óˇ ᕤ URL sharing ง ل ง URL URL har1ng_0ut URL r3__p0 tingಠ_ಥ URL p0sting ag1an URL r3 p0sting ʟ URL almost medical studies non reproducible URL з _ ε URL u backed kurds rush stop saa advance nobsnews URL ง ل ง URL p0 ting ag1an URL philippines kicks rothschild banking amp usa URL reposting ღ ღ URL shar1ng0ut URL з ʖ ε URL har1ng_0ut URL reposting ʖ URL shar1ng0ut づ づ URL rly URL ｘ URL sharing 5 URL left wing right wing socialists URL reposting j URL reposting URL ʖ URL reposting ﾟ ﾟ URL americas best friend middle east need real friends URL ω URL americas best friend middle east need real friends URL alex jones picked israel america URL posting agian ﾟヮﾟ ﾟヮﾟ URL left wing right wing socialists URL r3 p0sting ʖ URL sharing 0ut ʖ URL r3p0 tingg ʟ URL posting agian ω URL r3 p0sting _ URL deir ez zor liberated right links join commu URL vote next project links join commu URL r3 p0sting _ URL r3p0sting _ l l _ URL fake alt media exposed teaser almost done promise links join commu URL americas best friend middle east need real friends URL sharing0ut b URL rly URL posting URL r3p0sting ƹ ӝ ʒ URL з ʖ ε URL _ URL americas best friend middle east need real friends URL quick update video project links join commu URL isis israeli secret intelligence service accuses assad using chemical weapons URL venezuela already united states war story URL trump promises fire fury korean peninsula nobsnews links join com URL bubonic plague found arizona fleas URL trump promises fire fury korean peninsula nobsnews links join com URL venezuela already united states war story URL isis israeli secret intelligence service accuses assad using chemical weapons URL thirteen reasons schools creating lost generation URL,1
NiteipAateofo,URL URL URL URL URL URL URL URL URL URL URL URL URL URL URL URL URL URL URL URL URL URL URL URL URL URL URL URL URL URL URL URL extremely hard find collectible rare 1day left bid starts 5 URL 17hrs left currently 5 bid away buyitnow URL URL URL URL URL URL URL URL URL URL URL URL URL URL crush card virus URL URL check brock lesner URL URL URL URL URL URL URL URL URL URL URL URL URL please come bid helps family charity research ear hearing URL someone please buy already URL URL URL URL URL URL star power mario world nintendo mega rare URL via USR hulkbuster disney infinity 3 0 figure excellent condition ultra rare URL via USR one kind flawed figure URL black yoshi hard find URL URL 3000 made limited edition ultra rare 8 bit modern color mario world nintendo URL venom hidden rare one probably found extremely cheap online short time finally realized sold worth actually selling mine time value grow disappear gem mt URL original 1st generation resident evil nemesis funko pop URL also exclusive rarities collectibles account click link beloe URL applied host hennessy canelo vs ggg rematch party howwehennessy sponsored URL via USR thank influenater wait try product test URL signed kibrono 2018 referral program check URL via USR ordered free dime bags stickers URL URL via USR signed wcx global digital currency exchange sign amp earn 50 wcx tokens USR bitcoin URL thuggies long hoodies adult onesies URL influenstereats contest USR homemade dumplings chili oil bok choy shiitake mushrooms mandarin ginger seasoning URL influenstereats contest USR homemade dumplings chili oil bok choy shiitake mushrooms mandarin ginger salad URL hey USR want seizemymoment pixarcoco via USR drift garage 404 response URL URL drift garage episode 405 URL URL drift garage episode 406 URL URL drift garage response 406 URL URL drift garage episode 407 URL URL drift garage episode 408 URL URL drift garage season 4 recap URL URL drift garage 405 response URL URL valvolina episode 3 frank stops joe shop URL URL valvolina episode 6 frank fritz heads back valvoline headquarters URL URL URL URL claimed free box products pinchme sign claim URL getting buschhhhh gear drinking beer yes really sign URL URL yasss totally great completely uncomfortable holds bar fthatpartygame sponsored URL end fear oblivion URL kids love popcorn try healthy version USR free USR trynatural URL amazing product got infuenster URL check USR soy candle company supporting women need get one free USR URL check USR soy candle company supporting women need get one free USR URL URL epic love brand much believe got try version thank much URL awesome love much URL fragrance never request 4 free samples debut collection fragrance free URL family weekend bbq teamnoholdsbar teamnosleep bzzawayforlaborday bitesizedbzz URL social share URL URL getting buschhhhh gear drinking beer yes really sign URL URL buschhhhh sign URL URL exploring madness people world take advantage reality make dreams come true anything possible prepared crack dracula code save male gender certain peril rewarded like hero URL free rubik cube keyring URL via USR URL want less sodium try herbed sea salt USR free via USR trynatural URL alkaline water need like get free sample USR via USR trynatural URL alkaline water need like get free sample USR via USR trynatural URL click 2 receive free 40 ct 1 coupon b super original tampons URL seeheartburndifferently amp enter chance win nexium24hr heartburn free getaway paris enter URL go hard go home applied host 7up mix summer house party 7upsummerparty sponsored URL seeheartburndifferently amp enter chance win nexium24hr heartburn free getaway paris enter URL everythingeverything URL URL smiley360 never go wrong powerxcel anything nintendo join smiley360 URL excited advertise promote smiley360 give video written reviews worldwide smiley360 onamission URL sponsored house party sponsors coming soon URL time waste take action save africa elephants risk seeing disappear forever URL 96elephants newprofilepic URL trending product trying 72 hours URL purple duchess dirty boy bath bar soap hurry got free samples URL top brand name products sent absolutely free samplesource trending product trying URL hair mother cellar hamocell color protective shampoo help trying win month worth USR hand crafted mug amp nbsp URL using palmolive good product URL ad USR love nbrewards join start earning points URL URL become mini bites taste tester among first try brand new tootsie roll fruit chew mini bites URL love undead pirate mrsmeyerscrowd sponsored URL embrace making creating spring mrsmeyerscrowd sponsored URL big ideas organizational lists run shower mrsmeyerscrowd sponsored URL wait mrs meyer body wash garden fresh scent mrsmeyerscrowd sponsored URL social share URL woah need check want stay hydrated comingsoon URL URL earned 0 50 cashback research URL via USR hurry got free samples URL top brand name products sent absolutely free samplesource first box free graze URL USR souls wanted apply job hell receive complimentary new employee gift URL revlon ultra hd gel lipcolor looks perfect woman revlonultrahd revloncrowd sponsored URL trending product trying 83 hours URL 1960ny 1960ny intensive revital cream trending product trying 72 hours URL 1960ny 1960ny intensive revital cream trending product trying 72 hours URL hair mother cellar hamocell nutritive treatment trending product trying 72 hours URL reskin,1
