username,label
_GodCreator_,unreliable
_Rialto_,unreliable
0Wotp5,unreliable
12v44,unreliable
147Luuk,unreliable
35bbbbb,unreliable
4_Gondor,unreliable
4DSiriusEnergy,unreliable
4ErikaFernandes,unreliable
4groucho,unreliable
59585468,unreliable
5dollarL,unreliable
74bet,unreliable
a1judi,unreliable
aacvt,unreliable
aanbarasan,unreliable
AbbasKayam,unreliable
AbrahamDuarte,unreliable
AbramNortje,unreliable
acq145,unreliable
Aditya4u53,unreliable
adjustMyEbitda,unreliable
Airlock49,unreliable
akram121,unreliable
al_da_drone,unreliable
AlawhiBuyondo,unreliable
albertoo13,unreliable
Aleks_Atanasov,unreliable
AlexLary1,unreliable
Alexpuppy5,unreliable
AlhouthiAhmed,unreliable
Aliensalsa,unreliable
AlienZabduct,unreliable
alkaiibser1544,unreliable
Allx777,unreliable
Alx_th,unreliable
Ambamama,unreliable
amh8370,unreliable
andras291,unreliable
AndrewMoynihan2,unreliable
AndyAndymcfadz,unreliable
ANIMALERON,unreliable
annagriva2,unreliable
AntonelloDiBell,unreliable
Aroddy850,unreliable
AsadAfghann,unreliable
ascedant_rebel,unreliable
Asimous1,unreliable
AsmaNahl,unreliable
Astrozomborg,unreliable
auram_maura,unreliable
AuraTrader,unreliable
AzNewLyfeLuv,unreliable
BABYDJLEON,unreliable
babzilla25,unreliable
bagocats,unreliable
BamaTitan34,unreliable
BarbaraShiels2,reliable
barneyhofman,unreliable
baronvoncake,unreliable
bashyy11,unreliable
bazzoor,unreliable
BBLLRR,unreliable
bd_sassy,unreliable
BeckyCossey1,unreliable
BellaS9012,unreliable
BetterVibeTribe,unreliable
bev_60,unreliable
bgodsey69,reliable
bifforama94,unreliable
BiGWIG1001,unreliable
billy_w007,unreliable
blackvelvet47,unreliable
BlakePgolfwj,unreliable
BleedTexas3,unreliable
blessedwarrior3,unreliable
BluBabii22,unreliable
Blue_303_0,unreliable
BlueStateSOS,unreliable
bLuNtEd78,unreliable
bodycoteart,unreliable
boosbazaar,unreliable
boylexis,unreliable
brad_karla,unreliable
brainpowerguy,unreliable
BRCPres,unreliable
BrendanDanforth,unreliable
BrianKamen,unreliable
brianlarabee,unreliable
briansains,unreliable
broker_bailey,unreliable
BruceGuerra6,reliable
Bseifoori,unreliable
btmn_15,unreliable
btrow50,unreliable
bucketofmystery,unreliable
buford_vernon,unreliable
Buraq_ZA,unreliable
burnsey3,unreliable
buttahmak,unreliable
BuxomBroad,unreliable
BXM3,unreliable
CABOewm,unreliable
canadiankook,unreliable
CannonsCall,unreliable
Carterjoelean,unreliable
Cat_Young_CY,unreliable
CatChick64,unreliable
Catsailor58,unreliable
CCIRI_UGANDA,unreliable
cdntehuti,unreliable
Celestial______,unreliable
CensoredOpinion,unreliable
chakkal1782,unreliable
ChamberDisciple,unreliable
changwangin,unreliable
CharleyNavarre,unreliable
Charlie24723303,unreliable
cheaproofer,unreliable
chicknorrisgal,unreliable
chinesepoep,unreliable
Chinkasu15,unreliable
ChipIsEnough,unreliable
chloe_clit,unreliable
chopper9717,unreliable
chris_leawood,unreliable
chrisba50408140,unreliable
ChrisQueentm,unreliable
cindy_clawford,unreliable
ck501505,unreliable
Clearly_Nuts,unreliable
cmaenteprises,unreliable
collosous69,unreliable
colsislander,unreliable
ConstellationTr,unreliable
crossinghorse,unreliable
CrusaderLone,unreliable
CryptoG666,unreliable
CryptoKeyser,unreliable
CryptoKong,unreliable
CryptoLua,unreliable
ctomkins5,unreliable
cwtakqs,unreliable
CyrilBeraucare,unreliable
dadeets,unreliable
daggers519,unreliable
dahmed23,unreliable
dakotahgolfer84,unreliable
dalerussell648,unreliable
DamianYmirson,unreliable
DanBParksJr,unreliable
DanielHalen1,unreliable
Danny45912001,unreliable
DaphneyShimange,unreliable
DaphShimange,unreliable
DarAbdulRehman1,unreliable
DarciDee,unreliable
darelljacksonjr,unreliable
DarioVillalta,unreliable
darkfatman,unreliable
darvoigt,unreliable
daveedgar400,unreliable
DAVID_H128,unreliable
DavisSfwctpg,unreliable
davoconelly,unreliable
Dawn87435670,unreliable
DdayDvice,unreliable
DebArmstrong17,unreliable
DebbieCheathamT,unreliable
DeLteK_oNe,unreliable
deniskhan256,unreliable
di2thazee,unreliable
dijoelzombie,unreliable
DikaPasisiil,unreliable
disclosurenow7,unreliable
dkojak_donald,unreliable
dleup,unreliable
DonFowl52411869,unreliable
donnarin,unreliable
dooburr,unreliable
DougSmallish,unreliable
draz_p,unreliable
DrEhtesham123,unreliable
Drogon_Fireball,unreliable
dudi_313,unreliable
Dvotedwun,unreliable
DylanZcwqolh,unreliable
EAtersen,unreliable
ebe_87,unreliable
EdFig1,unreliable
edge_813,unreliable
edkondrat,unreliable
EGoggles,unreliable
Eksopolitiikka,unreliable
elagski,unreliable
elevatedgardens,unreliable
EMadagas,unreliable
emerldz,unreliable
Empty_Twitts,unreliable
epererap,unreliable
ericschultz911,unreliable
eriktaylor,unreliable
ErinnRoebuck,unreliable
ErnestAndrade1,unreliable
Ernie_Back,unreliable
ETDisclosureNow,unreliable
eternalguide4ev,unreliable
Euro_Breaking,unreliable
Evildoer35,unreliable
EWright,unreliable
Falcon_M1,unreliable
FarawayCapital,unreliable
farazakacool,unreliable
FazyBu,unreliable
fedlarson,unreliable
fehimec,unreliable
FerraroChristi,unreliable
Fertweetssake1,unreliable
fictionarrative,unreliable
FMolina_Lima,unreliable
FraminghamDems,unreliable
francik1203,unreliable
FrankieDM2,unreliable
Frankly_Blam,unreliable
FranMarFa,unreliable
franny_trincia,unreliable
fransmaane,unreliable
freefalln,unreliable
fridgeriches70,unreliable
fsschneider,unreliable
fulghum_justin,unreliable
Gabe_Wintermute,unreliable
garnetroses,unreliable
GATOR888888,unreliable
GemmaMichiko,unreliable
GenocideMale,unreliable
GeorgeSaadi,unreliable
getongab,unreliable
gettinready4god,unreliable
ghengis5410,unreliable
GHormachea,unreliable
giraffe3000,unreliable
glennnara,unreliable
GoddessofFolly,unreliable
Godlymom3H,unreliable
gonzoguzzi,unreliable
GoodFaith2010,unreliable
Goofils,unreliable
GoranNele,unreliable
greenbarry55,unreliable
Greenfiel5Diane,unreliable
GriffonKhan,unreliable
gringo_suave,unreliable
Grummpyoldfart,unreliable
GSmaleii,unreliable
GueSphere,unreliable
GuyMcMann,unreliable
Gypsy_Brunswick,unreliable
HAbdolhossein,unreliable
HanifNaqvi,unreliable
HarpmanSamantha,unreliable
hatbuckles,unreliable
hazysunshine13,unreliable
Hedge_scope,unreliable
HempFarmOrg,unreliable
henrystauf,unreliable
Hgxsr1000,unreliable
himat900,unreliable
HlakoanaRomeo,unreliable
HubbaBubba28,unreliable
HuseinKamaliyah,unreliable
iamtebogobrown,unreliable
IbrahimLirar,unreliable
IfeanyiOrji13,unreliable
ilovepmurt,unreliable
Imdino320,unreliable
Immigration_QA,unreliable
inc432,reliable
insider2009,unreliable
IrvingPellegri1,unreliable
isaksson90,unreliable
Ish_Singh1,unreliable
Ish_SK859,unreliable
its_yuh_boi420,unreliable
Itsalltheatre,unreliable
J051291,unreliable
Jackie_Bthegood,unreliable
jakes274,unreliable
jalinvic,unreliable
jamac21,unreliable
jamiecochran,unreliable
JaneUpton13,unreliable
jargieboy,unreliable
jawadi110,unreliable
JayMwanza,unreliable
jboyce99,unreliable
jcdelrio_cabo,unreliable
jechu07,unreliable
JeffWe12,unreliable
JennK_8675309,unreliable
jhannan67,unreliable
Jim_Ed_Brown,unreliable
jjsv170366,unreliable
jlangdale,unreliable
jluisipinatx,unreliable
joe_1973,unreliable
joeyrooster,unreliable
Johann_Reyneke,unreliable
JohnGla74472947,unreliable
JohnKizer17,unreliable
johnnieduranhp,unreliable
johnproactive,unreliable
johnrichardso19,unreliable
jonhamon2017,unreliable
Jonny_YesNo,unreliable
JordanGames_,unreliable
JordiArjo,unreliable
JordSummers,unreliable
JosePelagato11,unreliable
Josh_Douglas95,unreliable
Josh_Keith24,unreliable
josueq4,unreliable
jrvdhoek,unreliable
Jstlyk1,unreliable
juan291065,unreliable
judithmelliz7,unreliable
JuliaHotz4,unreliable
jw23efc,unreliable
jw4d4Liberty,unreliable
K16196280,unreliable
k9mike1963,unreliable
kaeder_adrian,unreliable
kalelisbell,unreliable
kali_markez,unreliable
kalypze,unreliable
Kanagalingam,unreliable
Kathyaircraft45,unreliable
kathyburger92,unreliable
kaye12542777,unreliable
kboxer1,unreliable
kc7373,unreliable
Keith_Gunn_,unreliable
KerenHumphrey1,unreliable
Kesinamureza1,unreliable
KezzaKess,unreliable
khan14665,unreliable
KhanEnamjk,unreliable
khcogbill,unreliable
kHSHR_1001,unreliable
KimandiTrading,unreliable
Kiwicelt67,unreliable
knightvision93,unreliable
Krisste02213715,unreliable
Kyirrie,unreliable
kylejkrantz,unreliable
lanagivant,unreliable
latuituila,unreliable
LcpJames,unreliable
leanvallerino,unreliable
leglessdan,unreliable
leo101016,unreliable
leth_steven,reliable
Lewis1Phill,unreliable
lexielaw,unreliable
Lhsa1978L,unreliable
li73068958,unreliable
liam_duff_,unreliable
Liam902,unreliable
libero057,unreliable
Lillibet_Hunt,unreliable
linda_mafrici,unreliable
lindafreda,unreliable
LiquidPluto,unreliable
LJ1776,unreliable
lordoftrade,unreliable
LordsWatcher,unreliable
lsanchezperry,unreliable
LT_Stryder1,unreliable
Luc3ro1,unreliable
LucifeLMartelL,unreliable
luluB1,unreliable
luvjbm,unreliable
lvormittag,unreliable
macfc28,unreliable
maesamarrai,unreliable
MagalyR11089494,unreliable
MahdiAgnelli,unreliable
MaheshWiz,unreliable
mahmmadali2o2,unreliable
Mahmudshah17,unreliable
maineamethyst,unreliable
mando101a,unreliable
MarcosdeCunto,unreliable
marcsandov,unreliable
marett_b,unreliable
MarkSalo12,unreliable
Marquisio3,unreliable
MaryNason,unreliable
MattElzey,unreliable
MattJ_D,unreliable
mauriciovilleg9,unreliable
MAXX_COOPER,unreliable
Mayilickersnatc,unreliable
mc_sick,unreliable
McAuliffJames,unreliable
McCartneyLisa,unreliable
MediaShockUK,reliable
meepmeep77,unreliable
MelindaFirst100,unreliable
menosheep,unreliable
Messiahofshadow,unreliable
metafuel,unreliable
micahdonovick,unreliable
michael_bodys,unreliable
MichaelAGarris1,unreliable
MichaelNimchan,unreliable
michelletcw,unreliable
Michellework197,unreliable
mickyn63,unreliable
Miketcollier3,unreliable
miketj19,unreliable
MirzaAli313_IR,unreliable
mitch_tt,unreliable
MitchBradley7,unreliable
MJMurphy76,unreliable
mlgunner,unreliable
mmohsinraza80,unreliable
mmonntyy,unreliable
Mohoanyane_P,unreliable
moon__warrior,unreliable
morecellardoor,unreliable
Morez73529517,unreliable
mosvi_abbas,unreliable
Movealongu,unreliable
mplewer,unreliable
MpuseAmoro,unreliable
MrMBB333,unreliable
Mrpierna,unreliable
MrsZinn1960,unreliable
msa_markets,unreliable
MShahOmar,unreliable
MSputnikrs,unreliable
mushydmt,unreliable
MwangiFury,unreliable
N3s17,unreliable
nabedi14,unreliable
Nabeel_Kolia,unreliable
nachitoplay1,unreliable
nanpats,unreliable
NateLuklanchuk,unreliable
nathinkunika,unreliable
NatMcIntyre,unreliable
nellykix,unreliable
nemidu,unreliable
nevawuldamadit,unreliable
Newmano_Uno,unreliable
Niall_M_Delaney,unreliable
NigelBill,unreliable
Nikki52592973,unreliable
niteguy34,unreliable
NiteipAateofo,unreliable
no1buzznut123,unreliable
NoelJLalonde,unreliable
OblivionMedia,unreliable
ochap14,unreliable
octohorse,unreliable
ohm_lisa,unreliable
oldkingclue,unreliable
olikary25,unreliable
olivier_misse,unreliable
onekevlop,unreliable
ormar_ortiz,unreliable
OshoCrypto,unreliable
OstapboVik,unreliable
otravex,unreliable
owens902,unreliable
p641ypf,unreliable
paceinterno,unreliable
PaperboyC64,unreliable
Paraghost1,unreliable
paray1,unreliable
parrish08101952,unreliable
pastryguy1941,unreliable
PatriciaPenni15,unreliable
Paul_F_Sinn,unreliable
PaulDevelop,unreliable
PaulGerard67,unreliable
pbay123,unreliable
peaganto,unreliable
pembakker,unreliable
pendletn1,unreliable
pengy1966,unreliable
pep3572000,unreliable
peter_ducker,unreliable
peterwonka,unreliable
PGHpatriot,unreliable
PhilipCheek4R,unreliable
physics_jedi,unreliable
Pistolspeat,unreliable
PlanoPatriot,unreliable
pleiadian1111,unreliable
polo2660,unreliable
PoncePonch,unreliable
promise2keep,unreliable
PRSam89,unreliable
Psycotic4Eva,unreliable
punditPoli,unreliable
punicafide,unreliable
r655321,unreliable
rabbit_mashup,unreliable
rachsquidy,unreliable
racoona1,unreliable
ramonpaquino,unreliable
ravama1,unreliable
Rebel_Pilgrim,unreliable
reconsider_info,unreliable
regular_user3,unreliable
Reich22,unreliable
ReynagaJgpe,unreliable
reza16752126,unreliable
ria_anlilove,unreliable
Rickrothman,unreliable
ricky_heath,unreliable
rickyohmartinez,unreliable
RiderMusicPage,unreliable
rita_ann2018,unreliable
RobertT37701297,unreliable
RobGibb78,unreliable
robrutherford,unreliable
Rocky_20097,unreliable
RodDiazR,unreliable
RolfeRoyale,unreliable
RosannaLord1,unreliable
rphtim,unreliable
RPlawicki,unreliable
rudycamarillo,unreliable
ryancarlson_,unreliable
rycarver42,unreliable
S70Papa,unreliable
SAdKazmi,unreliable
SAINTS1777,unreliable
Sajjad7214125,unreliable
SallyMQuain,unreliable
samd222,unreliable
Samrai_01,unreliable
SamWasylyshyn,unreliable
sandrea27,unreliable
santa81,unreliable
satain1982,unreliable
Sayyedabbas110,unreliable
SB_Da_Tribe,unreliable
scairneyboy,unreliable
sckc6566,unreliable
sdcook45,unreliable
Sdgagirl,unreliable
SeanChicagoMcM,unreliable
Seaneyebrow,unreliable
seb_tarte,unreliable
SeguiJorda,unreliable
self_enjoy,reliable
SGallozzo,unreliable
shadowdarkrealm,unreliable
ShakiBedeaux,unreliable
shakuqadri,unreliable
shamrun_bof,unreliable
shaunpenn1,unreliable
ShedShowTALK,unreliable
sherredie,unreliable
ShireLiban,unreliable
ShirleyArroyo17,unreliable
Siete_13,unreliable
SilentWarrior_7,unreliable
SilvioSafaric,unreliable
simmyzx,unreliable
Sinshine_Virgil,unreliable
sleepingawake5,unreliable
sliider,unreliable
SmithiesSamuel,unreliable
SmokinRobs,unreliable
SoIlSurvivalist,unreliable
SortaFaceless,unreliable
soulhooligan1,unreliable
soulsolace1,unreliable
spiritcollision,unreliable
stambo_nz,unreliable
Stephan31440196,unreliable
SteveCambouris,unreliable
stevoplayer,unreliable
stonelima9,unreliable
sturkalj,unreliable
SUDyantyi,unreliable
Svedka27,unreliable
sycd71,unreliable
syedfakhir1122,unreliable
SyedMehdiNaqvi8,unreliable
TahirSofi04,unreliable
TakeThePIZZA,unreliable
talha_bodla,unreliable
TamiArens,unreliable
taylorzzz48,unreliable
Tecknup,unreliable
TerriLynnPries1,unreliable
TexMexPatriot,unreliable
tgs31952,unreliable
thalsted,unreliable
thecabbieGOW,unreliable
thecucho,unreliable
TheGebertReport,unreliable
thelee_x_w,unreliable
ThePajamaTrader,unreliable
TheUncleGary,unreliable
THEWIGGYMESS,unreliable
thomasg_grizzle,unreliable
ThomasGillies1,unreliable
thorbius7,unreliable
tiger569ca,unreliable
TigreBlanco17,unreliable
tim_miracle,unreliable
timmackem,unreliable
TimtboneTim,unreliable
Tinkster68,unreliable
tiptoptips2015,unreliable
TJL80420,unreliable
Toledo_Storm,unreliable
TommasinaResist,unreliable
tomriddle03,unreliable
trader_shinobi,unreliable
trevor_H45,unreliable
tstauffer,unreliable
Ufo_Totaal,unreliable
unknown_ro_,unreliable
vadiarus,unreliable
vanzilla4x4,unreliable
veritasishere,unreliable
vhattrick,unreliable
VictorNation202,reliable
video1news,unreliable
Vikings85Mason,unreliable
Vixen2508,unreliable
VLCTruthSeeker,unreliable
voice4elite,unreliable
WakeUp420,unreliable
Watercolor221,unreliable
wayneVanPatten,unreliable
wdmccullough,unreliable
wee_pud,unreliable
WHomesteader,unreliable
WildcatAdvisory,unreliable
willisjimmy203,unreliable
Wishingwell12,unreliable
wncnga,unreliable
WreKennedy,unreliable
xgloavt,unreliable
xMoonbird,unreliable
Xodus_sv,unreliable
xrppolice,unreliable
YaDudes_,unreliable
YGwirYn,unreliable
yolandavassallo,unreliable
YoloEconomics,unreliable
ypratama,unreliable
ziggyhewitt,unreliable
Zodicap,unreliable
__Etuna,unreliable
_andinaila,reliable
_Andrealphus_,unreliable
14walkere,reliable
1954Lars,unreliable
1Djcalico,reliable
4321mariin,reliable
a237d2eb9725406,reliable
aamirnm,unreliable
Abdulaz40930627,reliable
AcademyWedf,reliable
AdaiJulius,reliable
adamleonjenkins,reliable
Adefeon,reliable
AdventurousL,reliable
aelyrian,reliable
AgostiniMea,reliable
Ahmed44037246,unreliable
AjYume20,reliable
Akwasi_Agyei1,reliable
albertrd99,unreliable
aletrevisol,unreliable
alisonwebster67,unreliable
altaf422,reliable
alygazayerli,unreliable
AmanBalami,reliable
amin4md,reliable
amran_abocar,reliable
AmyClarke1998,unreliable
AnandVaid7,unreliable
Anchan81480043,reliable
AndrewMcDarby,reliable
angiedudman,reliable
anla500,reliable
Annie07071978,reliable
AnnJones21710,unreliable
ArAbdullahkhan,unreliable
archatif,reliable
Artigifts,reliable
ArunAdh1988,reliable
Atikgz,reliable
AustinHorses,reliable
AysegulAydadal,reliable
Azel_panzerRPG,reliable
Balitravelguys,reliable
BarneyTwist,reliable
barton_paula,reliable
BassReeves1840,reliable
BatemanDamond,reliable
beanne123,reliable
BertNoName,unreliable
bg4wibk3g1x4Tel,reliable
Bguthrie8888,reliable
BheemsinghN,reliable
bjam27,unreliable
bjg5616,reliable
bk_ykb,reliable
Blackja01921096,reliable
blah_humbug,reliable
Blodia666,reliable
BlogJoe,reliable
bobspyder901,unreliable
Bobstockdale,unreliable
BonitaMae,reliable
Breifdesk123,unreliable
BrianFantana15,unreliable
broccoligirl,reliable
bsimpson189,reliable
budeking1,reliable
BurtonHaras,unreliable
Business_MRS,reliable
buubaal21,reliable
CaerwynnD,reliable
CaitReeve,reliable
campmema,unreliable
CareerDSLtd,reliable
caribvision,reliable
CasieErp,reliable
casshall,reliable
CastryckM,reliable
CATHERINEHOSEI,reliable
cdreilaup,unreliable
cecilieshaw01,reliable
ceratians,reliable
charlie_maury,unreliable
CharlotteWessex,reliable
chelmsford_67,reliable
CherubNoble,unreliable
chrixm,reliable
ChubinidzeMar,unreliable
CisseEsu,unreliable
Cleoxus,reliable
CncWise,reliable
Corp_Vision,reliable
CrestedCapital,reliable
CrispBlair,reliable
CSadaowski,reliable
cydnie_13,reliable
dabinlee,reliable
DailySunrise1,reliable
Daisiemse,reliable
DanbarSolicitor,reliable
danieltorkura,reliable
danishKYZ,reliable
dasompsy75,reliable
DavidJohnTait,unreliable
dazzleGspark,reliable
Deborah98193151,reliable
DeborahHarrals3,reliable
DeborahMcnall16,reliable
DebsGardiner16,reliable
deena_fayz_tv,reliable
deiniolmlewis,reliable
DeonilaT,reliable
desconltd,reliable
Dianech57977941,reliable
Diniwlf,reliable
dirk_tubak,reliable
dmoaby,reliable
DollyKonney,reliable
domeni44,unreliable
donnadeuce7,reliable
DoNnYxOx,reliable
dor1464,reliable
drew_bayarea,reliable
drhknowles,reliable
DWLOD,reliable
Dzeniadaletsal1,reliable
EandWEducation,reliable
ecastellvid,unreliable
ednamendoza1963,unreliable
Elliewa53066528,unreliable
Emazdash,reliable
EmilyDickensJux,reliable
encore_p,reliable
ErminiaVoccia,reliable
ERTGazi_1071,reliable
EUbusiness_news,unreliable
EzraPwaniyeboh,reliable
fairyj12,reliable
fc0368,reliable
FeastOfBeast,unreliable
Feemy82,reliable
FindlaterSusie,reliable
FinneganCara,reliable
fozzie_monster,reliable
frauja69,reliable
FreeStaly3,reliable
FrozenBritian,reliable
fusentrap,reliable
GaelR04946872,reliable
gags89x,reliable
galileestorm,reliable
genice_mills,reliable
GibsonMarshag93,reliable
GIDOMER,reliable
GimoTeddy,reliable
GintonicGamer,reliable
gizmopusskin,reliable
GKpantey,reliable
Gmangse,reliable
godwin_fimpil,reliable
goldrose2014,reliable
GordonRMundeyi,reliable
Gphighlandsy12,reliable
GrahamGWSS,unreliable
grumpybutgorge1,reliable
GuptarGertrude,reliable
hamzanuur33,unreliable
Haris18979178,reliable
HarrietField_3,reliable
hasanar64,reliable
hashirasif,unreliable
hatheek4u,unreliable
heart2yah,reliable
hebertfajardo,reliable
HensonHensonia,reliable
HhobertRilado,unreliable
HippEncounters,reliable
hmobaydullah,reliable
Hopeofnaija,reliable
hrepullo,unreliable
Human863,reliable
iammikaalbilal,reliable
ibmarkan,reliable
ibrafalcao,unreliable
Imadgrad,reliable
infntedecisions,reliable
iphytech_,reliable
IRohing,reliable
ironwirevip,reliable
ItsAnnc,reliable
IvankaPutin,unreliable
j_issachar,reliable
jacquelinecoke2,reliable
JakubRenner,unreliable
JayDrew86422363,reliable
jbiraro,unreliable
jdanaher71,reliable
JEBHINOJOSA,reliable
jessica_mudd,reliable
JessyJasmine29,reliable
jhackett69,reliable
jimmetech,reliable
JJRiceSolicitor,reliable
JoelMarianoAgu1,reliable
JohnCottom6,reliable
JOpipari,reliable
Jordan_TJP1,reliable
josephjomon,reliable
jpurcell_jayne,reliable
Jujujanet23,reliable
julieiito,reliable
JustinGsays,reliable
justkatiemeg,reliable
k2boie,reliable
KAdaramoye,reliable
kaisabltd,unreliable
Kapkoi1,reliable
KaranTurquoise,reliable
KasKaren64,reliable
kayholliday8,reliable
KeaneDeirdre6,reliable
KG_LadyBarber,reliable
Kibbiesays,reliable
kidmose2012,reliable
kismetB,reliable
knighthunter011,reliable
KProudnikov,reliable
krissulli,reliable
Kwena43805053,reliable
labelle_joe,reliable
laraine_simmons,reliable
LarryLana1,reliable
LarryWard18,reliable
lasolution01,reliable
lastpersontoRT,reliable
Law_Talks,reliable
LECHNERWOLFGAN2,reliable
Leen_268,reliable
LemusMelanie,reliable
levin_sheila,reliable
lilgreendwarf,reliable
lilmissmoffatt,reliable
Limubai74,unreliable
lo_fi_klotclot,reliable
lolimsorrywhat,reliable
London_Toronto,unreliable
lovelock_amy,reliable
LOVERBOYCALI,reliable
luckydhaliwal78,reliable
luitsomeren,unreliable
lyieke,unreliable
m_bruntz,reliable
magicagi,reliable
MahavaFrank,reliable
maitregasmi,unreliable
majortom0508,reliable
manaves,reliable
manuelappiah7,reliable
MaralynWilliams,reliable
markoftheD,reliable
MartinWileman,reliable
MASUDQAIM11,reliable
matt_younng,reliable
mattie_park18,reliable
MayuriSarkar,reliable
MBashir48666504,reliable
Me_kkooyy,reliable
Medelalpha,reliable
meekal37981,reliable
Mekbots,reliable
melissafleura,unreliable
MelManku,reliable
MGrevert1,unreliable
MichelleVoce,reliable
MiekeMous,reliable
MikePark21,reliable
MikeRaggo,reliable
mikforty2,reliable
MilenaPV04,reliable
MirengeDeo,unreliable
Mixedstallion,reliable
mjzanon,reliable
MMakamanzi,reliable
MohmHamd,reliable
mohsinksid,reliable
Mojela14992141,reliable
MollyMQ,reliable
MommasOptions,reliable
Monakin1,reliable
moneymakersites,reliable
Mongol_Hu,reliable
moody77798,reliable
morley_lee,reliable
MotleyMarlene,unreliable
Mott_Memo,reliable
mrfox1987,reliable
MrOchiwar,reliable
Mrpb007,reliable
mruss1997,unreliable
ms_deexa,reliable
MSaPachuau,unreliable
Mssylyn,reliable
muaznotiar,reliable
mudjay,reliable
mudpecker,reliable
mukeshapatel,reliable
muleplus4T,reliable
MulerRise,reliable
mumumoow,reliable
mupeiravinos,reliable
muraguli,unreliable
MuslimkhanAfgha,reliable
muthersbaugh,reliable
muya_muya33,reliable
mybangla24,reliable
MycockJessica,reliable
mylesamey,reliable
MyOpenheart4uJ,reliable
myorgasticfutur,reliable
mystiquememoir,reliable
MzSlide,reliable
NaeemIqbalFA,reliable
nancydebarros,reliable
Naoufalrhouda,reliable
NASH_Education,unreliable
NatalieMik,unreliable
NathanB76875974,reliable
nathrik01,reliable
NayebiOskoui,reliable
NdanatsanaM,reliable
needsthesleeps,reliable
NegociosFenix,reliable
netmesys,reliable
neupolitics,unreliable
Nevada2856,reliable
NewsGlobalToday,reliable
NexusBi,reliable
Ngomwilliamland,reliable
ngoy_dominique,reliable
NiciMack,reliable
NicksonTwesigye,reliable
NicolsChristine,reliable
nimeshkampani,unreliable
NinaHelsinki,unreliable
NineSqVentures,reliable
Niranjankumarro,reliable
nischtwitt,reliable
njayro,reliable
noactingpls,reliable
nononsenseRick,reliable
normanau,reliable
notsolittleold1,reliable
ntangble,reliable
nvztdogan,unreliable
NwachukwuChike,unreliable
nymattregan,reliable
OakHollowAngus,reliable
oasis_deshan,reliable
oatoat_16,reliable
Observersss,reliable
octavicordoba,reliable
odadave,reliable
OdariStrabo,unreliable
odysey1,reliable
Ompraka15588568,reliable
onecurrency1,reliable
Onel4stch4nce,reliable
ONI78,reliable
OnurBalci14,reliable
Opinion_Badger,reliable
OppgenBiz,reliable
orlandomatosp,unreliable
Osei_Barnie,unreliable
owninglibs,unreliable
Pae5496,reliable
pai_augusto,reliable
PamOushal,reliable
PamRich32150440,reliable
paradoxofvalue1,reliable
paraguanera67,reliable
parisbydavid,unreliable
parizpearl1971,reliable
patitixperugia,unreliable
Patrici44107746,unreliable
Patricia_mason7,unreliable
patriciagoddar6,reliable
Patrickw82,reliable
Patti5151,unreliable
pattwagira,reliable
paultheother1,reliable
pdp424,unreliable
PecuniaryPoet,reliable
Pedro5288,reliable
pedsdrs,reliable
PelitErhan,reliable
pennyk456,unreliable
perez1k,reliable
perikoko,reliable
PerrinFrancis2,reliable
perrosycafes87,reliable
PeterMontesano,reliable
petersidebright,unreliable
PGSEnterprise,reliable
phelesia,reliable
PhilipAko1,reliable
PhillipChou,reliable
PhilYoung101,reliable
pilygonama,reliable
PipBarry,reliable
pkoshyin,unreliable
pkwsj,unreliable
plessner,reliable
Pliskin935,reliable
pntitblk,reliable
PoemsPound,reliable
policy_mag,reliable
pragnap916,reliable
pramitofficial,reliable
ProfAggarwal,reliable
ProfessorAsif,unreliable
ProudSadRose,reliable
PstonePolitics,reliable
pulmo1,reliable
pwb1428,unreliable
pwonacott,reliable
qadeel1,reliable
Quake41,reliable
quebot111,unreliable
QueenOfHeartsSF,unreliable
R_E_Tidwell,reliable
R_johnson2,reliable
ra_salinas,reliable
Racheal_Vicari,reliable
RadSalmon,reliable
raheelkhan65,unreliable
rajab721,unreliable
Raktradinguae,reliable
Ramus21,reliable
Ranchorizzy,reliable
RangerRickG1,unreliable
raosaad8030,reliable
rashdeepsethi94,reliable
RashedRabaa,reliable
ratbrass,unreliable
raulalexo,reliable
ravinostatenda,reliable
rayabelle1,reliable
rbclouston,unreliable
rbkslayd,unreliable
RCS07,reliable
RCubriel,reliable
rcwissert,reliable
rdj966,reliable
RealEstateWhip,reliable
RealtorPalmBch,reliable
red38red38,unreliable
ReeseKarnuth,reliable
reggie_emmanuel,reliable
reggieballer45,reliable
Reggypanache,reliable
ReimenH,reliable
RemyBlaireNews,reliable
ResearchBazaar,reliable
RGolanski,unreliable
rgriercpa,reliable
RhiannonHoyle,reliable
richard_shallow,reliable
RichardsYnna,reliable
RichHargrave,reliable
Rimsha__Naeem,reliable
riojohn127,unreliable
rishi_ashiya,unreliable
RKFMkd,reliable
rmetayer,reliable
rmeyer5413,unreliable
robbachevsky,reliable
RobertHerguth,reliable
RobertoTownsend,unreliable
Robinst06252105,unreliable
robjsewell,reliable
Robson200171,reliable
rogerjsmith58,reliable
RomanSkyWalker,unreliable
RonKuchler,unreliable
ross_north01,reliable
RosyeCloud,reliable
RoyaZiba,reliable
rsnvas,reliable
rsradiofreq,unreliable
RubyReeses,reliable
RussoMarvin,unreliable
Rusty41057209,reliable
ruvimborudorwa1,reliable
rxwa12,reliable
SabounT,reliable
saburmollah,unreliable
sadafzaman401,unreliable
sadeqrahone,reliable
Sage2991,unreliable
sahan32,unreliable
SaigalGaurav,reliable
Saintbecks,reliable
salihudin,reliable
Sally63409457,unreliable
SalmanAshraf03,reliable
sambhukumargo,unreliable
samp12r,reliable
SamQu71,reliable
Samuels1028,reliable
samya68,reliable
SandieWard,reliable
sandra_fwlr,reliable
SantosHelga,reliable
sapi_hg,reliable
sapphirejudy,unreliable
SarahNassauer,reliable
Sarahwe58753866,reliable
SArtinkpenT,reliable
sathviklakkaraj,reliable
SATISHK51555511,reliable
savagecatfish47,reliable
savinanda98,reliable
Sazzyc_87,reliable
Sbbassey,reliable
schristovassili,reliable
ScottAllison123,reliable
ScullAnji,reliable
sdttoday,reliable
sdunne321,unreliable
Sea64470010,reliable
seancruz007,reliable
SeanRWatson,unreliable
SecusiOnline,reliable
SejalShahGulati,reliable
Sena44055896,reliable
SerenityMouse,reliable
ServproDanbury,reliable
ServproWhittier,reliable
SethLJ,reliable
sF19s09TzBgNiGz,unreliable
Shahmone,reliable
ShannonMacUPS,reliable
Sharji87,reliable
sharnnailong,reliable
ShawntellU,reliable
shegokarm,reliable
Shekura_Nin,reliable
shellybear389,reliable
SherpaObjects,reliable
sherrihutch,unreliable
shonie998,reliable
ShruggingTrader,unreliable
shubham666789,reliable
shujat_naqv,reliable
ShunDaniel,reliable
SidmanZ,reliable
silviarcamara,reliable
simghita,reliable
SimonJMar,reliable
SimpleDecision,reliable
SimplyOra,reliable
singhharsh_7,reliable
Siobhanyu1999,reliable
Sire_patrick,reliable
sirsmallz,reliable
sivayolla,reliable
sjmustafa,unreliable
SlimDeGea,reliable
SLMBDN,reliable
SLocusts,unreliable
smallbosz,reliable
SmartGuru2017,reliable
Smiglett,reliable
smile17138,unreliable
SmithDwight08,reliable
SMowaffak,reliable
SmudgeApp,reliable
snowgirlllll,reliable
SoaphornK,unreliable
SoCalCEO,unreliable
sofiabelmar,reliable
soiredickson,reliable
SolinTwise,unreliable
sommermatter,reliable
Song_TradeCoin,reliable
SorayaHaquani,reliable
Sourabh28817606,reliable
SovyProducer,reliable
soy_alyona,reliable
sparta_us,reliable
Spence27,reliable
SpurlingLaurie,unreliable
srivastava_anil,reliable
SSchiefelbein,reliable
st_optimystic,unreliable
Stevenhufford2,reliable
stevenjchang,reliable
SteveTalakoub,reliable
Su_e_williamson,reliable
sugaina28,reliable
suganthi_sharma,unreliable
SugarRey,unreliable
sumon_devnath,reliable
suncanmi,reliable
sunnyshady1953,reliable
SuPedrin,unreliable
super_van88,reliable
suresh_p,unreliable
Suzanne80105086,unreliable
SVTdrvr,reliable
SwallowDave,reliable
SwayAir,reliable
swiftlyunited,reliable
syc75,reliable
SyedMuhdHafiz6,reliable
tamupamazviita,reliable
TandemComm,unreliable
TaoYong8,unreliable
tareque67205059,reliable
TariffsUpdate,unreliable
TariniMathur,reliable
tatah_sunshine,reliable
tayebazaidi,unreliable
TaYousf,reliable
Telemac73,reliable
TenantsINVH,unreliable
TerriLankford,reliable
TerryParker1783,unreliable
Teruko_U,reliable
TessHottenroth,reliable
thdonascimento,reliable
the_calypso11,reliable
theantdal,reliable
Thecindybkk,reliable
TheEthicsCode,unreliable
theiac_malaysia,reliable
thejosessions,reliable
themichnkansah,reliable
thepuyalluppost,reliable
Therealdevitri,unreliable
therealjarrah,reliable
thesheeznits,reliable
thomsonchao,unreliable
thor_father,reliable
timstv,unreliable
TimWilliamsLI,unreliable
tinabowness,reliable
TinaFiredup,unreliable
tknoll209K,reliable
tliguid,reliable
tm_liao,reliable
TMTFactory,reliable
TnvMadhav,reliable
tobeykai,reliable
TolkoPravda2015,reliable
tomasfloresz,unreliable
TomBeattie890,reliable
TOmoyelu,unreliable
tonia4truth,reliable
tonyajhen,reliable
tonywabash,reliable
toot5000,unreliable
TousifMn,reliable
tracydepont,reliable
Trading_Dollar,unreliable
trceni,reliable
TreasurerLoftis,unreliable
trevizo_twnview,reliable
truba2021,reliable
trulyachal,reliable
TrumpSu12,reliable
truthswarrior,reliable
TS_Lombard,unreliable
TshepoLabase,reliable
tttangtony1966,reliable
turtlezeus1,reliable
tv3quarter,reliable
typhun06,unreliable
Tyson67060379,reliable
UCen4PubAffairs,reliable
udkm777,unreliable
ulaanbaatarite,reliable
UmarMukhtarG,reliable
umerjawaed,reliable
Unclescrooge9,reliable
UndercoverProf,unreliable
UnityFMAbakalik,reliable
uscruzn,unreliable
UusmanSaqib,unreliable
v_teressa,reliable
VanAmalia,unreliable
varunfatehpuria,reliable
varunhukeri,unreliable
Vat_Vatsie,reliable
VBMeireles,unreliable
vdubwmad,reliable
venugopal8179,reliable
vicentecortesm5,reliable
Victorsolomola,reliable
ViewsNewsMag,reliable
Vikas_Thakur,unreliable
vikingr82,unreliable
Vikkycletus,reliable
Vilayath8,reliable
VincentatTiger,reliable
VitalisJole,reliable
vitalitysuccess,reliable
vivekyadav101,reliable
VivianBolden3,reliable
Vladportnov_mos,reliable
Voelleblooms,reliable
VpalMalhi,reliable
VPsalesBD,reliable
VzlanosCA,reliable
wahono_allin,reliable
WAHYUSULA1MAN,reliable
WaldenRiver,reliable
WallSt,reliable
wangbin84,reliable
Wangguo4634,reliable
WarpmindBro,reliable
wcmclaa,reliable
weigand57,unreliable
Wendysteins,reliable
westafricanew,unreliable
westoncapa,reliable
Wildeman44,reliable
willisdayjr,unreliable
wilundamati,reliable
winwithlynn1,unreliable
withthemagic,unreliable
wlecon,reliable
WonderfulWizar2,reliable
writeofathief,unreliable
xivEAGz5YXmO3tq,reliable
xma_dc,reliable
xpresspace,reliable
xXC920ozDqG4I5G,unreliable
XXXPeach2,reliable
YapCW,reliable
YaSh37855241,reliable
yawbarima82,reliable
YEviegirl,unreliable
yogeshjangam,reliable
YosemiteSam24,reliable
youdakangjian,reliable
yR7yKY1DYKn00eK,reliable
Ytfelc1,reliable
zachlahring,unreliable
zackary_josef,reliable
zainriyu,unreliable
zay_ah,unreliable
zenalpesh,reliable
zeppelinda,reliable
ZerhouniHafid,reliable
ZiyadAlli2,reliable
ZK_Pepper,reliable
10BoldCalories,reliable
24sadboyhours,reliable
50footroman,reliable
66cochise,reliable
800bees,reliable
a_space_person,unreliable
a_stoth,reliable
AAndrunas,reliable
AbrasiveCat,reliable
Adobex22,reliable
Agile_Fatman,reliable
agoodladd,reliable
ah_dr,reliable
aidan_donaghy,reliable
AidanMcnall,reliable
Aidansung1,reliable
aj_rolfe,reliable
ajcurran13,reliable
akaBigCat,reliable
AkazaAkari_Real,reliable
AkazaAkarinReal,reliable
AlabasterMothra,reliable
alanayvonne,unreliable
alex_ohlson_,reliable
alexanaya,reliable
AlexFlecx,reliable
Alfinator123,reliable
aliya782,reliable
AlyssaNielson3,reliable
amazingsynth,reliable
AmbroseTheodore,reliable
an_drew_oh_hair,reliable
analrepubicans,reliable
AndrewBushell,reliable
andruvious,reliable
AngusErrDay,reliable
AnySphere324,unreliable
apoplexia,reliable
Arcanaught,unreliable
ArchonHegemon,reliable
ArevRasec,reliable
Aschmigel,reliable
AShulsinger,reliable
AstuteMorals,unreliable
averybradIey,unreliable
AvidTroper,reliable
AwfulK,unreliable
azcfilm,reliable
azuremurkrow,reliable
bachlives,reliable
badbabybob,reliable
Badhandel2,reliable
BansGogh,reliable
barrabasbythese,reliable
Basturmater,reliable
bbjessebb2,reliable
BDewley,reliable
Beavis_1950,reliable
Ben_Winnell,reliable
benbaaske,reliable
BenedictNeoh,reliable
Bengis77,reliable
BenKochInc,reliable
benmill3r,reliable
bennyd100,reliable
Benosaurus_,reliable
BenStrauss2,reliable
benviagas,reliable
bhangda_tyagi,reliable
BigAppleMovers,reliable
BigboyTea,reliable
bigGoblinboy,unreliable
bigmike_77_,reliable
BigStrongApe69,reliable
bishslapz,reliable
bit_sabrina,unreliable
Bitcoin_is_king,reliable
BizarroAthlete,reliable
bk0077,reliable
bkizzzzle,reliable
BlackSheepKt,unreliable
BlaiseSanti,reliable
blank2nowhere,reliable
blightedprince,reliable
blobinthebigblu,reliable
BobzeMovie,reliable
bofadeez22,unreliable
bolster77,reliable
Boomtime878,reliable
bootysafari,reliable
Boreophyll,reliable
borisdortmund,reliable
bothersometapir,reliable
boys_ranch,reliable
BoystanToytle,unreliable
bpomegranate,reliable
bradwest96,reliable
Brady_Kaiser,reliable
brain_children,unreliable
BrandiPreston,reliable
Brandon_Long15,reliable
braydenborrell,reliable
brenhops,reliable
Bretizcool,unreliable
brettdahitman,reliable
BrettGreening,reliable
brettpodell_,reliable
BrianCash3,reliable
briandd42,reliable
BrianEcker,reliable
BrianRatigan,reliable
brightnewera,reliable
BrosephKoochie,reliable
BruceWanker,reliable
Bryce_R_6,reliable
bugflesh,reliable
bulsey5,reliable
burnbaby_1,unreliable
butnickdavis,reliable
ButterlyRachael,unreliable
bzrkty,reliable
Cadams9985,reliable
caitie_v,reliable
CalebGant,reliable
calisneptune,reliable
cameronwyllie,reliable
campvaudeville,unreliable
CanadaDan55,reliable
capn_danger,reliable
Captain_Kevin,reliable
Captain_ZRo,reliable
caraccio_frank,reliable
CarmenA48081593,reliable
CarpeCras,reliable
carpenoodle,reliable
CarterJSalazar,reliable
cchhrriissmmm,reliable
ChadHale101,reliable
chambers_chance,reliable
chaunceychowder,reliable
chaz_luss,reliable
chefcurry3000,reliable
chewthebreeze,reliable
Chickennu99ets,reliable
chipdachip,reliable
ChippettLen,reliable
chousiaux,reliable
Chris_Beyond,unreliable
chris_stans,reliable
ChrisInTheZoo,reliable
Chriskovo,reliable
Chrismeyers58,reliable
ChrisNeureiter,reliable
christ371,unreliable
Chrs_re,reliable
cierra_presson,reliable
CindyWinkler,unreliable
cirdie,reliable
cirquepanda,unreliable
ClaireSegundo,reliable
ClaireWrongley,reliable
Cloudington,reliable
CoffeeAndJazz,unreliable
colemadray,reliable
CompuScientist,reliable
computerelegy,unreliable
connor98__,reliable
connormll,reliable
ConradStein6,reliable
ContardiJon,reliable
CoopDougie,reliable
cooper_fritz,reliable
CooperKooper,reliable
corbonthekobb,reliable
CornoDyke,reliable
Corrin_Whitener,reliable
costulis,reliable
coussquared,reliable
cozycatron,reliable
crabrat,reliable
CraigslistkiiLa,reliable
CraxMoss,reliable
CreativiPie_,reliable
crystallyzing,reliable
csarge813,reliable
cubejello,reliable
Cubewaano,reliable
cunning_john,reliable
CupcakeForAll,reliable
Curtis_CH99,reliable
cym_city,unreliable
d_gojira,reliable
d1ckvalentine,reliable
DaConnArtist,reliable
DaddyCran,unreliable
daltonwade17,reliable
Danesque,reliable
DanielleCatlin,reliable
dank_as_fuck,reliable
danl1951,reliable
dannystreet,reliable
Dano5988,reliable
dansumlovesyou,reliable
Darrtaa,reliable
darthnatalie,reliable
DarthSanni,reliable
dashproblem,reliable
David_Leheny,reliable
DavidDuckling,reliable
DavidPremkumar3,reliable
davidthehonkey,reliable
davisr,reliable
DavoWilcox,reliable
delcid_adrian,reliable
delivaseline,reliable
demo_lovers,reliable
DemonicEdwards,reliable
DenedridHarker,reliable
dentedeye,reliable
Depetrify,reliable
derek_jankowski,reliable
DergJo,reliable
derickgabrills,reliable
devinobrien06,reliable
dewitt_luke,unreliable
dezzirayy,reliable
dgreeby,reliable
dhcade96,reliable
DIANEXXXXXXX,reliable
DiarmuidMcGurk,reliable
dimmadonot,reliable
dirtycrates,reliable
DiscoRailwayMan,reliable
DiscountDev,reliable
dittoexodus,reliable
Divinum_Furis,reliable
divra_B,reliable
DJ_AngieK,reliable
DJakeNoose,unreliable
DjMukaBuka,reliable
dlddld38,reliable
dmclark190,reliable
DmitryS97,unreliable
dollar_billiam,reliable
domalunni,reliable
donnchaadh,unreliable
doubleadar,reliable
DougRoling1,reliable
DowellRod,reliable
DrainTheSwamp96,unreliable
DrDoolittl,reliable
DruthersCA,unreliable
dsal1829,unreliable
dudeactually,reliable
Dukaslay,reliable
DukeDank69,reliable
Dumbfuck420,reliable
DUSTBVLL69,reliable
DylanBloyer,reliable
dylanjohnpeters,reliable
DylannJoness,reliable
DylanWinthrop,reliable
dylerius,reliable
e3huffy,reliable
EatYourMattress,reliable
ebwiz42,reliable
echophenomena,reliable
Eddiehennessy_4,unreliable
edwardhalim,reliable
ekkie_ekk,reliable
elenamagidson,reliable
eli_lazar,reliable
Elichsgarden,reliable
elise_norrid,reliable
elk_D_O_duble_G,reliable
ellaellaayyy,reliable
elliekurtzz,reliable
elpp1973,reliable
ElSenorCZ,reliable
eltejongrande,reliable
Emilianovaz98,reliable
emmiliem,reliable
empty_void1,reliable
endbendy,reliable
EnghTanner,reliable
eric_stephens_,reliable
ericrtaylor,reliable
ErikaFromMaine,reliable
erincarpenter62,reliable
erinjenson,reliable
EritreaOfficial,reliable
eseoefe,reliable
EspressoLordo,reliable
ethn_k,reliable
evan_vacek,reliable
evanhall62,reliable
even_Raven,reliable
EverettDahl,reliable
evil_fancy,reliable
Evrfeather,reliable
Fantaboy_15,reliable
fatherinlove,unreliable
FDolukhanov,reliable
FirstKraken,unreliable
Foshay_,unreliable
frankjacobellis,reliable
FreeShmurdaBoi,reliable
Ftunes,reliable
fullyTasteless,unreliable
gburgtv,reliable
gigidyguggy,reliable
Ginjiruu,unreliable
gomzic,reliable
gthiel93,reliable
Guido____,unreliable
Hai1storm90,unreliable
hashtagTwinsys,reliable
Havvmoore,unreliable
HeeliesKing,reliable
herbiverson,reliable
holdenbandcamp,unreliable
htxmateo,reliable
HUBERTBOT,reliable
HumbleOverlord,unreliable
iam13islucky,reliable
ICGraham,reliable
imniii,reliable
Imnotsmarthelp,reliable
IndigoSharpe,reliable
iordae,unreliable
Jacket_Coats,reliable
JaredTWorm,reliable
jburcroff,reliable
JCMeowth91,reliable
Jcruise72,reliable
jdodd37,reliable
jenniferemills,reliable
JesBalascio,unreliable
JeTraum,reliable
jhigtiger,reliable
JimBrunzell_3,reliable
joaquinperez,reliable
Joe_Covert,reliable
joelm774,reliable
Johnirizarry5,reliable
JohnMClearman,reliable
JohnPakledinaz,reliable
JohnShoupe,reliable
JordanRicks,reliable
josephfra_,reliable
JoshRicken,reliable
juarez_madilyn,reliable
JulianBraun17,reliable
junior_trainers,unreliable
Kaiosjfds,unreliable
karisclark_,reliable
KateHay9,reliable
katesekulich,reliable
Kennyathome,reliable
KESS_and_tell,reliable
kevinmroland,reliable
Kind_Designs,reliable
kmad12,reliable
kolbyemison,reliable
Komodo_Shaggins,reliable
kwelchnerdiness,reliable
Kyles_Hipp,reliable
kylestanleyy,reliable
larrythebeerman,reliable
LaurieDempster,unreliable
Leoloooooo,reliable
LeSuavePanda,reliable
liberty_rob,reliable
Lillefyre,reliable
lillymckayh,reliable
lilpaleta,reliable
lilzukerman,reliable
LindaFromSales,reliable
Linsley71,reliable
lizzleBT,reliable
loadingbeta,reliable
Logandavis299,reliable
lomaxdotcom,reliable
Lord_NAP,reliable
LuckyLuciano18k,reliable
luisenrico15,reliable
LukkaChaves_exe,reliable
macelaney,reliable
maddstef,reliable
madkowBT,reliable
malcomkelley,reliable
mandime_10,reliable
manecas_costa,unreliable
manweed111,reliable
MarbleBallz,unreliable
marcothenarco,reliable
Margherman,reliable
MarkPatJoeBill,reliable
MarmaladeBus,reliable
MarteGrecia,reliable
MatBrooks,reliable
MathematicsB,reliable
Matt_Jones46,reliable
MattBouras,reliable
matthewep528,reliable
MatthewNotch,reliable
MattKortum,reliable
MattsVoices,reliable
Matviw,reliable
maxdelayer,reliable
maxtodd2000,reliable
mbcrumb,reliable
mbo7001,reliable
McbeeBill,reliable
MCdooglebear,reliable
mediocremimi,reliable
megancullip,reliable
megantastic,reliable
meldogpi01,reliable
MettaMatt9,reliable
mhurgle,reliable
mike_mcglynn,reliable
MikeBaio,reliable
Miranda_Poz,reliable
MissBritt6,unreliable
MissEmilyKate93,reliable
misserstink,reliable
missterrystal,reliable
MistahCreeps,reliable
MisterNautilus,unreliable
mitzie7,reliable
mlwaeburton,reliable
mmmehl67,reliable
Moarty0,reliable
molly_zeee,reliable
MolsonBlue,reliable
moomooonthemove,reliable
morgaman,reliable
mortalityplays,reliable
mountnjack,reliable
MrSouthey,reliable
Muffalufagus,reliable
mwbopp,reliable
MYDADDIPPED,unreliable
myfatnuts,unreliable
mylozileto,reliable
mynameisnotzach,reliable
N10Sedu,reliable
NarstyYartz,reliable
naterivard,reliable
Naternaniel,unreliable
NatVernem,reliable
ncncope1,reliable
ndskakal13,reliable
nessalochlake,reliable
NewcastleDrew,reliable
Nicholasstapfer,reliable
NickBeatty7,reliable
nickcollinsisme,reliable
Nickmatt23,unreliable
NickTapscott,reliable
nicolepagnotti,reliable
NicoletteZorn,reliable
NikeFreakShow,reliable
nikocat_,reliable
Nintendont07,reliable
NoahJAguirre,reliable
nocluwotimdoing,reliable
NolanBD,unreliable
nomorecheezcake,reliable
nomthewise,reliable
nopantsgomez,reliable
NormalNico,reliable
nosequelmovie,unreliable
nsachman,reliable
nunyaBUINNESS,reliable
Octagonality,reliable
odogaron,reliable
og_hapsburg,reliable
oh_neens,reliable
ohkafuimykafui,reliable
ohpleasehon,reliable
OhWasThatInsane,reliable
ojmcmanus,reliable
okerri,reliable
Okie_525,unreliable
olimar5050,reliable
olivia_i_i,reliable
oliviaspyrka,reliable
Ollie1Weeks,reliable
OsmiumOG,unreliable
Otbabs,reliable
ovenroastedgabe,reliable
overlordxord,reliable
owengmusic,unreliable
P__J_C_,reliable
p_dubs_,reliable
palmerhaffner,reliable
PamSackman,reliable
Pandoplemonade,reliable
PantherJags,unreliable
parsingpeppers,reliable
Parsnip_Evans,reliable
parth0901,unreliable
pat_allbrook,reliable
Patterson2020,unreliable
pattyroddy,reliable
peacemakervitus,reliable
peachballer,reliable
Pedro__ramz,reliable
personathreefes,reliable
PeteFehrenbach,reliable
PeterCrowley,unreliable
petesbandg,unreliable
PetreDaHomo,reliable
pgutes,reliable
pierreikonnikov,reliable
PietroGhezzi,reliable
pillageandBYRNE,reliable
PJS1966,reliable
PlutoniumPlayz,reliable
PopeUrban,reliable
prairie_goth,reliable
pratikbanala,unreliable
PrestonBlair_,reliable
PrivateIDeation,reliable
probably_rae,reliable
Proman2520,reliable
purplemojo42,unreliable
Pyrolex_,reliable
Quasi___,reliable
quelseydilla,reliable
radioactium,reliable
RadioSloth182,reliable
RAMullinsJr,reliable
RaPuppy,unreliable
RASPBERRYDEMON,reliable
raviolidad,reliable
rblgrubb,reliable
rdalea29,reliable
realEdgarCorrea,reliable
RealEliWanner,reliable
realmetroandy,reliable
realrightjesus,reliable
realWhickerman,reliable
Redoktober091,reliable
reluctantmonkey,reliable
renepierce,reliable
rgriggs98,reliable
RianonFTW,reliable
rmrenfields,reliable
roach_coach911,reliable
roastedchesnut,reliable
RobertStruck,reliable
RobM4321,unreliable
robwiddowson,reliable
ronaldjkraus,reliable
ronfan9,unreliable
RothGray,reliable
rowilsolivo,unreliable
rpatrickchesnut,reliable
RPRains,reliable
rubycoughman,reliable
RundownRabbit,unreliable
Ryan_Dinero,reliable
rynemcclaren,reliable
sac1234a,reliable
sahara__dessert,reliable
salli_aka,reliable
salt_city_kid_,reliable
SaltyIrishman,reliable
SaltyShrimpface,reliable
sammeyers10,reliable
Sammorriss,reliable
samshuirmanator,reliable
SamTheManCoenen,unreliable
sanjbrit15,reliable
Say_Juan,reliable
SBMPediatrics,reliable
SchwachBills33,reliable
ScottKelsey6,reliable
sdshwbb,reliable
SeanPatterson17,reliable
seanrblackburn,reliable
SeaWyrm,reliable
sewerfag,reliable
Sexy__Socks,reliable
sgt_innocuous,reliable
ShadowStep1983,reliable
shaizantejani1,reliable
ShamusMerkley,reliable
sharkwatchtv,reliable
Shatley707,reliable
shatterwings,reliable
ShawnPedrick,reliable
ShebaLowry,unreliable
SheepofDisguise,reliable
SheilaFoxMille3,reliable
ShelseaGrin,reliable
shwa_o,reliable
shypusssycat,reliable
ShyReplyGuy,reliable
SILENTBOB555,unreliable
silverfoots29,reliable
simdude5150,reliable
SirKulOLyfe,reliable
SissyNat,reliable
SkeletalPumpkin,reliable
skerplemaster,reliable
skipiddy,reliable
skyflyerjen38,reliable
skylerr_1998,reliable
SkyWalkaWalka,reliable
Smartgarfunkel,reliable
SmellTheBook,reliable
SMuCKAZZZ,reliable
snoopyswaggy666,reliable
sociologistjosh,reliable
sofaloaf99,reliable
SomeArgieCreep,reliable
son_setting,reliable
sonicgenfan,reliable
sonnyhunnychile,reliable
spacecowboi2071,reliable
SpaghettiSal,reliable
Spiceist,reliable
spitspoison,reliable
spooked_yet,unreliable
spot_the_cello,reliable
SpunkMasterSex,reliable
SpunkyTomato,reliable
SrTetratopoulos,reliable
StephenBalani,reliable
StineJosiah,reliable
Stingwray666,reliable
stinkypinki,reliable
strawberrypoots,reliable
StrifeSenpai,reliable
StupidSlav,unreliable
SugarSheikh,reliable
Summerisgood14,reliable
SuperCreeper604,unreliable
SuperDuperyman,reliable
supremedoggo,reliable
Swede007,reliable
SwengGi,reliable
swimminggarret,reliable
sydney_hay,reliable
sykguitar,reliable
tabrams28,reliable
TallDudeAbides,reliable
tardistrips,reliable
Tea_Jayyy,reliable
techiegirl19,reliable
TechPowah,reliable
TeGentzler14,reliable
Tehlem,reliable
tescolagerr,reliable
TETR2,reliable
that1guy_Dave,unreliable
the_ok_corral,reliable
The_Rat_Kingxxx,reliable
The_Real_Bino,reliable
TheDrake4,reliable
TheDylanger,reliable
theeBrick,reliable
TheFrostyTaco,reliable
TheGrommot,reliable
thejudgejoey,reliable
Thelronic,unreliable
TheLuisMReyes,reliable
TheNishyo,reliable
TheRealMrRALph,reliable
TheRitoMage,reliable
theWare_Wolf,reliable
TheWolfOfWar_,unreliable
Theyneverknow,reliable
ThidoMTG,reliable
this_isathing,reliable
ThroughBetter,reliable
Thunder_Armads,reliable
TickNodaro,reliable
TimBagels,reliable
timmerenginerd,unreliable
tj4steelers,reliable
TMemequisitor,reliable
Toggy_Wonga,reliable
TonyDoernbach,reliable
TotesRussianBot,reliable
Tralchemist,reliable
TrashHeap64,reliable
Trav119,reliable
treywolfe45,reliable
TristanHudson06,reliable
Trogotronic,reliable
TropibaL,reliable
TroyAdomitis,reliable
TssYarnMan,unreliable
TUltimator,reliable
tvhands,reliable
twitface_is_dum,reliable
TWY_NS,reliable
ukalaehle,reliable
uncertainveggie,reliable
undakii,reliable
underscorepry,reliable
Unknown674,reliable
UnNoobD,reliable
unofficialrays,reliable
UnusuallyFlexib,reliable
VectorGambiteer,reliable
versacemalkin,reliable
versatileghost,unreliable
vicorug,reliable
VikingThunder89,reliable
virgina_woolf,reliable
VivianCreator,unreliable
vonEtten10,reliable
Vra3I,unreliable
VRoa1001,reliable
w0wsum1actually,reliable
waldhelmm99,unreliable
walkoffking,reliable
WarrenBurstein,reliable
WBoH2020,unreliable
weebygeeby,reliable
WeinmanMaya,reliable
WelfareWarlock,reliable
WesleyDuncan3,reliable
WestfallHunter,unreliable
wet_willy_lamp,reliable
WhatTheFlipMan,reliable
wheatywhite,reliable
Wheels99261,reliable
whomzier,reliable
WhyWaved,reliable
willschu4100,unreliable
wonderfulkazoo,reliable
xwrongholex,reliable
Yakky666,reliable
yearofthesnitch,reliable
yeezytroz,reliable
younghuple,reliable
YourMateKyle,reliable
YourTwittinMe,reliable
zach_minyard,reliable
Zach21577,reliable
ZackBrown777,reliable
ZaneGrober,reliable
zdoglinds,reliable
ZebraMalone,reliable
Zesty_Gooby,reliable
Zetto52SD,reliable
zirishpancake,reliable
ZorionSarabia,reliable
ZubairMaqsood11,reliable
___SANAA,reliable
_98ae,reliable
_aah4,reliable
_elisaaa28,reliable
_flightSlim_,reliable
_ildm,reliable
_jonberr,reliable
_kimmyko_,reliable
_Murrrdurrrth_,reliable
_ot7BTS_,reliable
_ronnie_foreman,reliable
_the_Paladin_,unreliable
_tianieee_,reliable
_urgeoverkill,reliable
0_Emilio_Uribe_,reliable
0minous_,reliable
19_henry_68,unreliable
20spicygrandpa,reliable
223_morgan,reliable
23_laflare,reliable
2old4this_hit,reliable
3MIKE2,unreliable
4everyoungmary,reliable
7BuFFaLo6,reliable
82Gbody,unreliable
aarotberg,reliable
aashaw32,reliable
aba_micah,reliable
absspang,reliable
AChronicPane,reliable
acmincey,reliable
adamdavidlong,reliable
AdamesChantelle,reliable
AdamForce_1,reliable
addisonrich03,reliable
AdelaidaLoveBTS,reliable
adhub16,reliable
Adm582Harvard,reliable
AdMasterCaplan,reliable
Aelkus,reliable
agbaggins,reliable
AipatEnelym,reliable
aisukurimu01,reliable
akashivskyy,reliable
AlabamaNAACP,reliable
alannah_1975,reliable
AldermanNathan,reliable
ale_cal1,reliable
alexaarod,reliable
Alexleelovestay,reliable
AlexPhomPhom,reliable
alexusmaryjane,reliable
algedn,reliable
alissa_brie,reliable
allsports_lover,reliable
allthings_bts,reliable
alltimepetty1,reliable
allysonsalavich,reliable
almonellis,reliable
alyyssa_a,reliable
ambar_ari_s,reliable
amberm_am,reliable
amy_caraballo,reliable
anacletoj61,reliable
andicoates,reliable
AndrewGuzmanCGP,reliable
Andy_Kroeger,unreliable
angelicakim_,reliable
angellsmith,reliable
Angels2014,reliable
angrypirate42,reliable
anildhulipala,reliable
annaahalll,reliable
AnnieJohanson22,reliable
AnnMarieZimme10,reliable
AnnSton49504512,reliable
AnthonyCharette,reliable
AnthonyIuculao1,reliable
anuraagsachdeva,reliable
anya_emerald,reliable
apa24,reliable
arsalansheikh,unreliable
arytiantim,reliable
atisayajain,reliable
audreywasherw11,reliable
AurozOgra,unreliable
AVaughns22,reliable
averill_leslie,reliable
awlee__,reliable
ayffris,reliable
ayo_satish,reliable
AYuugure,reliable
az_mo_brad,reliable
AzDoh12,reliable
BabyGirlTReed,reliable
babyjjess,reliable
backroads_linda,reliable
balindsey73,unreliable
barbarawarrick6,reliable
Bassdots,reliable
baw308,reliable
bbdoyle12,reliable
bcscedtech,reliable
bcurtz23,reliable
Beccaockenfels,reliable
bellarandvere,reliable
BeltonDan,reliable
Ben_S_Harper,unreliable
bengkamai,reliable
bengmark1,reliable
BenjaminSinger8,reliable
Berhanubt,reliable
berrypj,unreliable
Beyoutoofullest,reliable
BForeyesonly,reliable
Bhyatt111,unreliable
Bigdawgkhi0803,reliable
bigfanboi,reliable
bigwillieice,unreliable
BillHareClimate,reliable
Bipolar_Bea_r,reliable
BisTribe5,unreliable
BjerkanPaul,reliable
blanchardolivi2,reliable
bogdadountyhunt,reliable
BogeyMan0724,reliable
bonkyton,reliable
bonnyjeanoffic,reliable
Braggadociouss,reliable
BrendaEarles,reliable
BrianFabian17,reliable
Briellejoy,reliable
BruceBoyman,unreliable
BrussoBryce,reliable
bryana_sandoval,reliable
bubbins11,reliable
bucman20,unreliable
Burnman11,unreliable
burnsieledford,reliable
caffeinatedkrys,reliable
Calamity_Blaine,reliable
caltremble,reliable
candicenmireles,reliable
CannabisCCI,reliable
Cap_Badass22,reliable
capcardiac,reliable
CaptainJacq,reliable
carenbrodie,reliable
caribbean_brit,reliable
carlajh,reliable
carlover1995,reliable
carolinehark,reliable
CarsonBarry22,reliable
Casandra13,reliable
caseyRCL,reliable
castroclaudia,reliable
catfishwrangler,reliable
CathieLopez47,unreliable
CBM_Clay,reliable
Centipede8686,unreliable
chaayseen,reliable
Chanford1925,reliable
charlene_proulx,reliable
CharleneYYZ,reliable
chdelarosa88,reliable
Cheever1651,reliable
Chef_T,reliable
ChErOkEEChick68,reliable
chimchimtae95,reliable
chino_mateo,reliable
choiyoungsta,reliable
chris_ranieri2,reliable
chrisabino13,reliable
chrismayes,reliable
ChrisRocaFella,reliable
cianarita,reliable
CindeeZ_,reliable
CindiRight,unreliable
CityofBridgesHS,reliable
ClaflinNina,reliable
classicalheart,reliable
cncarol123,reliable
cooolguycal,reliable
coreydonald6,reliable
coxwilder,unreliable
craigyatescty,reliable
CramarSports,reliable
CRamsey_4,reliable
Cringe_Core,reliable
Critterray1,unreliable
crypt0an0n,unreliable
cschoolcraft_,reliable
curryinahurryy,reliable
CurtisDeGroote,reliable
cuteyngi,reliable
cvmyr,reliable
CyanicGlobe,reliable
cyrilj3,reliable
DACCOLADES,reliable
Dachshunds4Bern,unreliable
dadchlo,reliable
Daisysdream_,reliable
Daman98305075,reliable
dan_spedsteen,reliable
DanielainPa,reliable
dariavirginia,reliable
darkI0rd,reliable
dashiddd,reliable
DavidKnezek,reliable
DavidRiley62,reliable
DawnMotley3,reliable
deathtoldbyher,reliable
debbiejdangg,unreliable
DebiFragomeni,reliable
DEEIZM,reliable
dekeriverscp,reliable
demonfricker,reliable
demontre05,reliable
denise_priebe,unreliable
DestinyAriadna,reliable
devleedoug,reliable
DexHendrixT5HMG,reliable
DiegoSanchez,reliable
dirahrahmat91,reliable
divaypandey,reliable
divomama,reliable
DIZZYTAE,reliable
DJ73567156,unreliable
djvien_,reliable
dkirsch,reliable
DNeale716,reliable
DNeff1984,reliable
dohkyungsoo9312,reliable
doloresgrana,reliable
dolphinstouch,reliable
DonaRisley,reliable
DonnaT858,unreliable
donobeadle,reliable
DonteMcleod,reliable
Dopeschool22,reliable
Dove56681297,reliable
dqdawson22,reliable
DRachelamp,reliable
dramaspecialist,reliable
drexpertise,unreliable
DrJakeJ,reliable
DrMinutia,reliable
droze_official,reliable
DudleyGumby,reliable
Dylan_Ober,reliable
Dylannicol47,reliable
dymaund,reliable
ecox494,reliable
ed_nies,unreliable
einer121,reliable
Elhiu,reliable
EliOberlander,reliable
elisaaquinorain,reliable
Elizhernandez8,reliable
ENGLISA_,reliable
ericaamarie210,reliable
Error0700,reliable
eusouaLee,reliable
EvanHogg8132,reliable
EvanLe24,reliable
evans_chikukwa,reliable
evelyntlh,reliable
ExoScharp,reliable
eziodraven,reliable
EzyLearn,reliable
Faby_Cotrim,reliable
FALSE,reliable
fats099,reliable
feefunmii,reliable
FemWritersFest,reliable
fikreus11,reliable
firecyberice,reliable
flamingmonkeys1,reliable
Flexies_,reliable
flurburts,reliable
FORCEDEXPOSURE,reliable
forexcelling,reliable
Fozza78,reliable
FranSlusarz,reliable
FreelanceMax1,reliable
fulltimestan,reliable
fxstguy,reliable
gabayyXO,reliable
Gabb_barkz_,reliable
gabefmars,reliable
GabePatterson11,reliable
gaby15mcr,reliable
GaebrielleB,reliable
Gage_Mixon,reliable
gaminggoob,reliable
GaryAnd27013982,reliable
geoffreychiri13,reliable
George269Bonsu,reliable
gi_melo_22,reliable
giannagmz_,reliable
ginny_sterling,reliable
Gizmo_is_my_cat,reliable
glendab,reliable
gmbregondolaya1,reliable
godgritsandguns,reliable
gorgeousJester,reliable
GoSpreengo,unreliable
GoyanTanuki,reliable
gr22gr22,unreliable
Greenwood19,reliable
gregtheexplorer,unreliable
GrtLakesJrnl,reliable
GTPAlliance,reliable
gus_gustafski,reliable
guth1013,reliable
GuthrieGreg,reliable
guy_tibson,unreliable
H_Mendez98,reliable
halfass101,reliable
HamptonClarkk,unreliable
HawkinsMikita,reliable
Hbomb2002,reliable
Hedjarah5,reliable
HeelWrestle,reliable
HenryAoki,reliable
hessuccessful,reliable
Hippopotomer,unreliable
HistoricSH,reliable
Hites5Caleb,reliable
Honky_Lav,reliable
HunterNieto,unreliable
hunterwheaton6,reliable
Hvolt35,reliable
Hyrax_Whisperer,reliable
Iam_dasno,reliable
iamikonixx,reliable
iamshanicealia,reliable
iamsowmya18,reliable
IfAshTweeted,reliable
IIuvias,reliable
Iluba98,reliable
ilyseeeeee,reliable
imendez1969,reliable
immortalritez,reliable
imnotarguing,reliable
imogenhbaxter,reliable
ImpracticlJoker,reliable
insidiousballer,reliable
intelligentpw,reliable
iplaytoquinn,reliable
iracer13,reliable
Irenepapoulis,reliable
irishclark23,reliable
isabellamdiazz,reliable
Islanderpei,reliable
itsmemai31,reliable
itsmepriska,reliable
itssveronicaaa,reliable
jabari_bari,reliable
Jaco1094,reliable
jacobgendein31,reliable
Jagggillespie,reliable
JakubWegner,reliable
jalbrechtsen35,reliable
JamieALucas,reliable
JamieStenziano,reliable
JaniceM64038011,reliable
janieee04,reliable
JariLouhelainen,reliable
jasmine_n_t,reliable
jasonalanis1,reliable
JasonCVO1,reliable
jaybee_31,reliable
Jcastano64,reliable
jcroweriddell,reliable
JeanetteWitter,reliable
jeannem2018,unreliable
jedthejet13,reliable
jeff71960,reliable
jeffcrector,reliable
JeishonM,reliable
jenn_lpzz,reliable
jennanders2,reliable
Jenniferwong617,reliable
jenthehen555,reliable
jermaine_kaw,reliable
jervisaugusto,reliable
Jesdfs,reliable
jesse4830,unreliable
JessicaLynnParr,reliable
JGarthus,reliable
JimDavi09057929,unreliable
Jimenez3881,reliable
jimis78,reliable
JimMcM111,unreliable
jinnforever,reliable
jlfrisk,reliable
jlis_9,unreliable
JNinnama,reliable
Joan2bts,reliable
joannecasey5,reliable
JocelynBobadil3,reliable
johnniemikel,reliable
JohnnyMazz6,reliable
johnnywarriortv,reliable
Jon_tweets_now,reliable
Jonnfree1,reliable
JonnyD99528693,unreliable
jorch2306,reliable
Jordan23isGOAT,unreliable
JosephAAcevedo,reliable
JosephManero,unreliable
JosephZampano,reliable
joshjamison_,reliable
JoshSpice2,reliable
JosueCa57663735,reliable
joycemyrus,reliable
Joyfultalks1,unreliable
Jrpasla,reliable
juanitocramirez,reliable
Jude5150,reliable
juicyyjazzzy,reliable
Julia__Mc,reliable
JulieGravitt,reliable
julio_medina09,reliable
JustANeymarFan_,reliable
justfine117,reliable
justme_laf,reliable
Jxs_mxne,reliable
k_strz,reliable
Ka_verdugo,reliable
KaitlynLeann17,reliable
kalibeck4,reliable
kallinos,unreliable
kamykamalani,reliable
KandyLime,reliable
Karalovesparis,reliable
Karma5555555,reliable
kashishkay,reliable
Kathyyvalenciaa,reliable
katieajacobs,reliable
KatieDean6710,reliable
katieearcher11,reliable
katieLane1975,reliable
KatrinaMarie821,reliable
Kayboominn,reliable
kaylaorkayla,reliable
kayleysusan,reliable
kc_hamby,reliable
kczink,unreliable
KDyvig,reliable
keepmelovely,reliable
KeioshaDreams,reliable
KeirajRoach,reliable
kel_robbins,reliable
Kelljoy4V,reliable
kelseyarizmendi,reliable
KeriaNache,reliable
kerryanntuttle,reliable
kerryelaine100,reliable
KerryOLeary4,reliable
KevinCBryant2,reliable
Kharisssmaaa,reliable
KieranSpencer97,reliable
kinbag,reliable
kkeilts,reliable
klewis341,reliable
KLSavage23,reliable
kmchanuvic,reliable
kmeloche71,reliable
koena02,reliable
kopiyojek,reliable
KPunjabii,reliable
Krisfarlymiller,unreliable
kryptonic05,reliable
KSaint3,unreliable
KuhleDlamini2,reliable
KuhnNat,reliable
KurtWeyers,reliable
Kusum_Ray,reliable
kvngxj2000,reliable
kykim_123,reliable
kylapearson_,reliable
Kyle_Curran_2,reliable
KyleQuinnell,reliable
KyzaQueen,reliable
LabbyBanty9,reliable
LadSamzzy,reliable
LanaRose1999,reliable
larry_retzlaff,reliable
LaurenGalvin2,reliable
lazygourmet09,reliable
Leandri76678065,reliable
LeeAnn_Author,reliable
LeeImperator,reliable
leenikhan,reliable
Leftrightandce1,reliable
legbern,reliable
LeistiMia,reliable
lepetitminie,reliable
LetitiaClark19,reliable
LifeOfLtaif,reliable
Lil_Marcus24,reliable
LiliAlzate1308,reliable
LindaBKroger,reliable
LindaRenton,reliable
LinusQuickle,reliable
lisalawler,reliable
lissaisbrown,reliable
LiveFreeOrDie70,reliable
lM0NSTR0SITYl,reliable
lmpatton85,reliable
LoadingNoelani,reliable
LoganPeyton,reliable
longdaypress,reliable
LonglostLA,reliable
LonnieBeale1,reliable
Lord_Shroombus,reliable
lordvnn,reliable
lorken23,reliable
lovelyychae,reliable
lovemyself_93,reliable
lucyycp,reliable
LukeFerlazzo,unreliable
LUSGA_1897,reliable
LuvBNaMom,reliable
LWRiker,reliable
lwtcjauregui,reliable
Lynderbagel13,reliable
lynnferda,reliable
m_louise88,reliable
maaae04,reliable
maancomom123,unreliable
Mac_campbell3,reliable
macimchenry,reliable
maddiebrekke,reliable
madragna,reliable
maggie_marie2,reliable
maggiegrimm,reliable
magz_13,reliable
MailorTrout,reliable
makayla_ruckman,reliable
mandymld,reliable
manueldesigner_,reliable
Marcel92194919,reliable
marcuswhale,reliable
MarineColorado,reliable
mariogascon43,reliable
MarshaConant,reliable
MartyMcFlysss,reliable
MartySipes2,reliable
massdavmp,reliable
Mat10987654321,unreliable
MattCave_,reliable
mattela501,reliable
MatthewPadilla,reliable
MattJHurley,reliable
MattMilhouse,reliable
max_tude,reliable
maxspsound,reliable
mbw86,unreliable
mccallmommy,reliable
mckaya_lanovara,reliable
Mdouglasrealty,reliable
Mechell93444735,reliable
Media_Hunt,reliable
Meghriban,reliable
mel00n_,reliable
melhull11,reliable
melijustcant,reliable
MelissaFalcon_,reliable
MetallicLT,reliable
MFSLapierre,reliable
MiamiPhotoInst,reliable
micahwestby,reliable
MichaelStensaas,reliable
MichaelTobia4,reliable
MichaelWWara,reliable
MickeyAcosta1,reliable
MikaNaaman,reliable
mikaylajean21,reliable
milamygranny,reliable
MillyJones5,reliable
MillzMullens,reliable
MiMiT91,reliable
MinisterJ7,reliable
MissEvie_,reliable
missjennialfaro,reliable
mjb_consult,reliable
mk0hlb3ck,reliable
mochikook113,reliable
ModassarTalks,reliable
MoemoeKruse,reliable
molliejg,unreliable
MoniRebirth,reliable
Mopar,unreliable
moretoast9,reliable
mpammon,reliable
mr_nixmith,unreliable
mr_wook,reliable
mrdannyglover,unreliable
MrsBoehm,reliable
mrsemilypeach,reliable
MrSmokeSum93,reliable
MsAlandis,reliable
MsMena_Bihh,reliable
mtgzen,reliable
mudblack_,reliable
multi__form,reliable
muncher1979,unreliable
munozliliana84,reliable
murphy818,reliable
MWilky21,reliable
myesain,reliable
MykeSatcher,reliable
MynameisMud87,reliable
MySonIs15,reliable
NabiyevEmin,unreliable
NACHO1961,reliable
nainaskitchen,reliable
namasevi,reliable
needsomebts,reliable
Neetsy1,reliable
neilshah930,reliable
NerdComplete,reliable
Nessaaa13,reliable
newshad,unreliable
NguyenDuyn12,reliable
NGwanzura,reliable
nickbuxton64,reliable
nickewell,reliable
nickhedley,unreliable
nicoleimbang,reliable
ninarieee,reliable
Ninjarale,reliable
nitsua98,unreliable
njustine9,reliable
nncyhllrd,reliable
nonetrickpony,reliable
NorWestIslander,reliable
nxmal,reliable
ny_poppa,unreliable
ObeyMyClass69,reliable
ohnvm_,reliable
ommom1954,reliable
onyx3822,unreliable
OptomEyesCS,reliable
OttleyJam,reliable
oziloozingsauce,reliable
ozma,reliable
Ozzie_Panda,reliable
P_Missile,unreliable
P_Zangeneh,reliable
PacoHealy,reliable
papiijeann,reliable
ParkMinMin4668,reliable
ParrottLori,unreliable
PastelPunx,reliable
Patricknperry,reliable
patsycawthorne,reliable
paybackink,reliable
paydirt413,reliable
Pbinla181,reliable
pDdubzz,reliable
peocomet,reliable
peppermiller041,reliable
peter_joffrion,reliable
Peter_Rinaldi,reliable
peytonhooten,reliable
peytonjudy31,reliable
peytonritchie5,reliable
PGTIBoston,reliable
phil_renzulli,reliable
PHM032,reliable
Pineappledud,reliable
pink_juno,reliable
pj_fletch,reliable
plamozak,reliable
plantlady17,reliable
PMeyhem,unreliable
pplwhodothings,reliable
pradeep_jgd,reliable
prcsr37,reliable
prettyboiflair,reliable
ProfeSteiner,reliable
PSDhami66,reliable
pureamericana72,unreliable
Purpleheart0,reliable
purplenor93,reliable
QhaBhuti,reliable
quan_X2,reliable
quanskrilla,reliable
Quidy,reliable
quitvic,reliable
RachnaRandhava,reliable
RaffyInfra,reliable
RagnarLodbrok29,unreliable
rakeephotofact,reliable
ravigan,reliable
ravrag12,reliable
rayjaah,reliable
rberklich,reliable
rbrahmdathan,reliable
RebelVandal,reliable
RECJR11,unreliable
red7300712,reliable
RedFred84449450,unreliable
redman000187,reliable
reebeme,reliable
retrokid23,reliable
reunitethegolds,reliable
ReveszZsofia,reliable
ReyReyes,reliable
rfmsisonn,reliable
rfpeterson,reliable
rhiannon4570,reliable
rhouston1957,unreliable
RickeyMercer5,reliable
Ricko_Rama,reliable
riecbi,reliable
riileynicoleg,reliable
RiskFrontiers,reliable
rjhunt5,reliable
rjlhardwick,reliable
rjshirk51,reliable
rmhoyt,reliable
rocha4real,reliable
rocksolid81,reliable
RozayIbnmadiba,reliable
rrstar47,reliable
ryan_nomarbles,reliable
RyanBaca,reliable
ryco62,unreliable
sabrixaguilar,reliable
Safarox8,reliable
SaintAnselmCR,reliable
SaintlyVi,reliable
Salems_Witch,reliable
SalmonSanctus,reliable
salty_space_mom,reliable
SAMANTHALEEANNK,reliable
sampersand,reliable
Samual30363540,reliable
sandralhogue,reliable
sangeetapurohit,unreliable
sarina___ariana,reliable
saulibarra80,reliable
scarecrowboat22,reliable
SchubbJ,reliable
scifscif,reliable
ScottishFeline,reliable
sdeepmahapatra,reliable
senatorfrase,reliable
seokisseu,reliable
SereneAccount,reliable
SeriousLee3,unreliable
SeriouslyBrett,reliable
seumas00,reliable
sexybackmochie,reliable
shaliatkinson,reliable
ShaneAndrews64,unreliable
ShaneLParkhill,reliable
shantel_35,reliable
Shari_Hepzibah,unreliable
Shawk2017,reliable
shaybeck1994,reliable
shealynkelley,reliable
shelbyw98,reliable
SheryllAgusto,reliable
shipping_log,reliable
shortyize,reliable
shsh_shlee,reliable
shugeldiva,reliable
ShuhratKessikb1,reliable
Sidaltoris,reliable
SilentHillKitty,reliable
SilviaSutton,reliable
singlecupcake,reliable
sivashunmugamp,reliable
sjbischoff,reliable
skullcakin,reliable
SLinIsrael,reliable
slm97_,reliable
Smeckle5000,reliable
smwone,reliable
smyth_adrienne,reliable
SnehalKandari,reliable
SoDakViking,reliable
sofia_daroodi,reliable
soleoutacontrol,reliable
sonmeznilay,reliable
srosemz,unreliable
srw11232,unreliable
sschan430,unreliable
stacebass,reliable
StaceyScot1,unreliable
StardustEtoile,reliable
StarredMessages,unreliable
StenoWorldBH,reliable
stephaniescp,reliable
StephanRoget,reliable
stephen_seidel,reliable
Stephinemaac,reliable
steve3ac1as,unreliable
SteveCohen_HW,reliable
SteveDanna,unreliable
SteveHorechuk,reliable
steven__aguilar,reliable
Steverino1020,unreliable
stussysteph_,reliable
Subhajitsaha97,unreliable
SubratK82634557,reliable
Suewill36768583,reliable
Sug1940,unreliable
Summermazin,reliable
Sunhepark,reliable
sunhyck,reliable
sunilsaxena,reliable
SunshineBabe33,unreliable
supacoolshann,reliable
super_nin10do,reliable
suswhitaker,reliable
sweet16anne1,reliable
swiftlyclean,reliable
SWilde72,reliable
taciturntabby,reliable
taehvungult,reliable
TairiIlir,reliable
taliaidk,reliable
Tamara55175769,reliable
tamaranihici,reliable
tammyratley1,reliable
TamukaMartin,reliable
taneamyat,reliable
TariqthaFreak,reliable
tauseefriaz,reliable
Tay13Bay,reliable
taylorbakel,reliable
TayMcG24,reliable
tayrascaa,reliable
teachmethetruth,reliable
teamfashola,reliable
TeamForrest_AAU,reliable
TemiRussell,reliable
Tennis_Source,unreliable
The_Maintainers,reliable
theboatmaster05,reliable
TheBosma,reliable
TheBough,reliable
theJosharoooo,reliable
themysteryman09,reliable
TheRaptorKing94,reliable
thereal_willb,reliable
therealgwaz,reliable
TheSmilem8ker,unreliable
thesunnystoner,reliable
TheWilliamAfton,reliable
THingerty,reliable
Timothy50124418,reliable
TJ_Kawa,reliable
tjecco,reliable
tmesposit,reliable
Topshelfsweet,reliable
tournesoleil107,reliable
tracey_soriano,reliable
TranquilJayquil,reliable
transom99,reliable
trapk1dd,reliable
TriciaOverstre1,unreliable
trickyricky1984,unreliable
TrionaMcM,reliable
trirx69,unreliable
trumplestiltsk8,reliable
trytoearn,unreliable
tspiz09,reliable
tunamdenman,reliable
tusi_althea,reliable
Twellington22,reliable
TWS_SA,reliable
Tyler_Alexis_,reliable
TylerKalm,reliable
TyroneLWillis,reliable
Udit_Mishra24,reliable
ulisesrusoperez,reliable
UMBC_MBB,reliable
umm_sav,reliable
UmmShine,unreliable
UncleMiggy,reliable
UoC_Psychology,reliable
UpstageLungCanc,reliable
Urvash1S,reliable
Valentine_Rlhe,reliable
valmki25,reliable
vancitylegend,reliable
venusssc,reliable
VGaillabaud,reliable
VGKCrossbar,reliable
vida_sirois,unreliable
villager4ever,reliable
VInkumsah,reliable
Vinnielazic,reliable
VirgoAirborne1,reliable
VoicesRTogether,reliable
VoteSeminole,reliable
voyeu_rism,reliable
VPCCoppell,reliable
vxnesamedi,reliable
wajda_zach69,reliable
WallflowerVD,reliable
wambambigalo,reliable
watisandi,reliable
WearTech_News,reliable
WelshNic,reliable
whatwouldbtsdo,reliable
WhisKhalifa3,reliable
whitelow1959,reliable
Whites_Tiger,reliable
Whoisdiya,reliable
WHS_MD_Football,reliable
wildboibizzle,reliable
WilliamRadu,reliable
WineMom72,reliable
wo4__,reliable
Wolfcat24915515,reliable
wonderdog247,reliable
WoolworthCaden,reliable
ws121,reliable
Wwidget11,reliable
Xikar_Wyrhart,reliable
xo0o0o0o0ox,unreliable
xoPorcelain,reliable
yallab__,reliable
YaMamas_Lover,reliable
YaTuSabes____,reliable
ybierig112,reliable
yenakamura,unreliable
Yoda1027,reliable
yogesha_sharma,reliable
YoSwervChill,reliable
youareallmysons,reliable
yuzus4A,reliable
Zach0917,unreliable
ZachHunt359,reliable
zebleyfam4,reliable
ZenNJuice,reliable
zinniaowleye,reliable
zochrndteun,reliable
zoialanyab,reliable
Zvezda73,reliable
_Mozalbete,unreliable
_rigguy,unreliable
_TheRealRainMan,unreliable
0belixer,unreliable
4CRPG,unreliable
4nkz,unreliable
74gj79,unreliable
AbAkindele,unreliable
abl_10,unreliable
ActforCanada,unreliable
adnaniqbl,unreliable
AfflaticS,unreliable
Agyakumanu,unreliable
AHILLS205,unreliable
Ahm3dALIMALIK,unreliable
AhmadTamim1980,unreliable
AIdentitaire,unreliable
AladeKabir4,unreliable
Alanbenitezg,unreliable
ALDIofone,unreliable
alen_duranovic,unreliable
alfahbabe,unreliable
aljanabijr,unreliable
AltWinston,unreliable
AmericanJan,unreliable
amorsesomtelcom,unreliable
AnakweMfume,unreliable
AngaraManhattan,unreliable
Anonymo66203089,unreliable
AnonZeroSec,unreliable
Anthony22614229,unreliable
antisciencewalk,unreliable
anton_nataly,unreliable
ArchieB35404486,unreliable
arealman00016,unreliable
Arianus40891316,unreliable
ArsonAbout,unreliable
artcullen8,unreliable
aselene52,unreliable
AShortReprieve,unreliable
Ashs2ash1,unreliable
atanzi,unreliable
aubiewde6,unreliable
Auger,unreliable
auny_marie,unreliable
AwakePure,unreliable
B_randon850,unreliable
bagpuss1980,unreliable
Balweshh,unreliable
bandit_money,unreliable
BarbaraMarie30,unreliable
BarryDerks,unreliable
BBukal,unreliable
BCJonah1,unreliable
Beachsidenow,unreliable
Beaufizla,unreliable
BeefRibss,unreliable
bent11ca,unreliable
bfes251,unreliable
bikemule,unreliable
BillHutton504,unreliable
bloodymary12354,unreliable
blvdr,unreliable
bmbromley,unreliable
bobbarrett1915,unreliable
BobChalmers63,unreliable
Bobxk98,unreliable
bosghnetvisitn1,unreliable
bossplaya29,unreliable
bravoanil1986,unreliable
brenda7676,unreliable
BrendaSheehan8,unreliable
brianalmon,unreliable
BrianPeckerDC,unreliable
Broz1892,unreliable
Brundlefly14,unreliable
bseeker,unreliable
BUGSBUN80664909,unreliable
bunnylookin,unreliable
buyanbattulga,unreliable
c_j_breeze,unreliable
caggursoy,unreliable
CampbellEdd,unreliable
can_maho,unreliable
CaptAmerica31,unreliable
carlosmgue,unreliable
CaruthRon,unreliable
CathedralCannab,unreliable
cdn_geol,unreliable
CecileMargaret,unreliable
CEGrotius,unreliable
centrisum,unreliable
charlieo7955,unreliable
CharliMartel,unreliable
chartread,unreliable
ChihuahuaCheech,unreliable
Christian_Media,unreliable
Chslahuddin,unreliable
Cole_Hine,unreliable
CoolDogKingdom1,unreliable
Corey31183003,unreliable
corsair1803,unreliable
CovertActionMag,unreliable
crashnz,unreliable
cresidiotweets,unreliable
CrusadeNewsCast,unreliable
CTavira,unreliable
cutekevin7,unreliable
cwalsh1957,unreliable
CwhiteColin,unreliable
CWPetty,unreliable
cyndivillegas,unreliable
cyp111ro,unreliable
D34th_D34LER,unreliable
d3ath_w1sh,unreliable
dabadja,unreliable
DaBlazed23,unreliable
daddyroo45,unreliable
dale_deep,unreliable
dana_simeona,unreliable
DanishRoyalist2,unreliable
darkmatterz,unreliable
DarkwolfDia,unreliable
darthzashley,unreliable
davecarlascio,unreliable
david3451,unreliable
davidshanesmith,unreliable
Dawn_AlbaAurore,unreliable
dean_erickson,unreliable
dehyki,unreliable
DenizBagriacik,unreliable
DeplorableDreg,unreliable
DirexionTrader,unreliable
DoesItMake,unreliable
DoggieLine,unreliable
DoGoggles,unreliable
DollarBill1912,unreliable
DonAdam09921220,unreliable
Donmoffatt,unreliable
DoubleFourTime1,unreliable
DPrairies,unreliable
dragon6234,unreliable
DrankPaul,unreliable
DreaSback,unreliable
drgonzo1224,unreliable
DruKarra,unreliable
duduschka,unreliable
dundreary,unreliable
eburova_RT,unreliable
Eddieboy77,unreliable
EddieMackeral,unreliable
edebis,unreliable
EDNARB,unreliable
eduapa,unreliable
EdwTBrennan,unreliable
egg_descrambler,unreliable
el_mescalito,unreliable
Eldhothomas_,unreliable
Elgeherg,unreliable
ElijahYahuah,unreliable
emery_jim,unreliable
endsmgmt,unreliable
EngrSalman786,unreliable
eo1m,unreliable
EoinChadwick,unreliable
Ernst_1135813,unreliable
esinduhije1,unreliable
essam_nazir,unreliable
Eugene_de_Savoy,unreliable
EvZadel,unreliable
ewilliams66,unreliable
ExpressCosmos,unreliable
fabriziocorre11,unreliable
FairGo33,unreliable
FalLenAnGeL7693,unreliable
FamedCelebrity,unreliable
farawayfrome,unreliable
fardos,unreliable
FashyWolfDad,unreliable
Fault_Lines,unreliable
felipeossacourt,unreliable
FellowJonathan,unreliable
filmfanaddicts,unreliable
fishrob29,unreliable
fit3m3,unreliable
Flatlanderr,unreliable
FoIlowTheLaw,unreliable
forgottenrealm3,unreliable
Frankweldon1,unreliable
Frickmanidk,unreliable
fryoma,unreliable
g_stolper,unreliable
GabrielMdO,unreliable
GBigil,unreliable
gerard_mackey,unreliable
ghazi786,unreliable
GhostofTweets,unreliable
Giopoliticus,unreliable
gizella_czegany,unreliable
glennspetrone,unreliable
globoHGplex,unreliable
gnosisnlaw,unreliable
Goddessbrighid1,unreliable
Godscreation555,unreliable
GoebbelsKidz,unreliable
GoffredoTedesco,unreliable
gonzohunter,unreliable
GorbashGaming,unreliable
graemeferguso20,unreliable
GreatInAmerica2,unreliable
GreenMonsterah,unreliable
gsen34,unreliable
guliealba,unreliable
HalloKek,unreliable
HaloCustomMaps,unreliable
HamidRa47734767,unreliable
HanishaSethi,unreliable
hankpenner,unreliable
Has_Questions,unreliable
hasnami,unreliable
HatcherBro1,unreliable
heathcharles1,unreliable
Heliophobia,unreliable
HoffPhuck,unreliable
hollyelys,unreliable
HombreoftheWest,unreliable
HomeoSay,unreliable
HopeofIsraelWW,unreliable
HugeBOliver,unreliable
HumanoidsPlanet,unreliable
humawankabir,unreliable
HuynhPham,unreliable
iamalik786,unreliable
IamWilliamSmith,unreliable
Iansharpsmithy,unreliable
IcarusCrusader,unreliable
IdeBagus_store,unreliable
IdentitarianC,unreliable
IlNulla5,unreliable
imcyndia,unreliable
Inder74295312,unreliable
IonutCiprian18,unreliable
isa_dechile,unreliable
itwasnotunreal,unreliable
J0shuaa,unreliable
JadedGator,unreliable
JamesQ91239374,unreliable
Jamshed78698511,unreliable
JasonHayton,unreliable
JayRoberts2020,unreliable
jeannetix,unreliable
JEBrosso,unreliable
jeffgiesea,unreliable
jelutz77,unreliable
JennyLee625,unreliable
JerseyAnthony,unreliable
Jesse4Bernie,unreliable
JG_911,unreliable
jillianej,unreliable
Jim_Bob_Pete,unreliable
Jimmy33478435,unreliable
jjbasmagy,unreliable
JlkDewi,unreliable
jmyers44,unreliable
JoelSTimmons,unreliable
Joeyinwi,unreliable
johneeggs,unreliable
JohnKen599,unreliable
JohnnyCrypto17,unreliable
JoHnNyRa1nBoW,unreliable
johnthepaptist,unreliable
jonezen_,unreliable
jonnyshares,unreliable
JOROMEMPHIS,unreliable
JPChant1,unreliable
jpreville1,unreliable
jrob4747,unreliable
judeVWbus,unreliable
JulianaVela4,unreliable
julieleverenz11,unreliable
JumboChan,unreliable
jupiterboy,unreliable
k_croydon,unreliable
kaareak,unreliable
kamohelosauli01,unreliable
KarlWhi17391210,unreliable
KashK111,unreliable
Kattcarter1,unreliable
Kaua_Twixster,unreliable
KBakili,unreliable
kegel_dialectic,unreliable
keniakiki,unreliable
KennethLuzier,unreliable
KevW46,unreliable
kikaella,unreliable
killinchi,unreliable
KingStevenJames,unreliable
Kingz_Mann,unreliable
KnechtgesKathy,unreliable
Knowsme_,unreliable
koreycabra,unreliable
KristinaBetinis,unreliable
kroton13,unreliable
ksea444,unreliable
kt22cloud,unreliable
kukiejko,unreliable
laishiri,unreliable
lakerfan_323,unreliable
lamardoo10,unreliable
LanreSalam6,unreliable
LarryProctor9,unreliable
LAsky66,unreliable
LauraAnguiano6,unreliable
Leonius2,unreliable
leotil2,unreliable
lepronoc,unreliable
LFurlanic,unreliable
LHunter00949824,unreliable
linkchips,unreliable
Lion_ofthe_West,unreliable
LissaKJohnson,unreliable
ljerka_lela,unreliable
lock328,unreliable
Lomas_verdes1,unreliable
LoneManMusic,unreliable
LordChippydip,unreliable
lordfundarbyrd,unreliable
lordjackass4u,unreliable
LordSew,unreliable
LOSS3S,unreliable
Lowridafxdl,unreliable
luisescobal,unreliable
M_Aboulhassan,unreliable
macbars99,unreliable
MacCarthyLiam,unreliable
madiraven,unreliable
MAGA_or_Get_Out,unreliable
MaggieDawsons,unreliable
MajeedTofeeq,unreliable
MANNYZAVALA1971,unreliable
ManosLondinium,unreliable
MariaGonzales_4,unreliable
mark999bikes,unreliable
MarkLeek5,unreliable
MarkSchexnayder,unreliable
MarleyEnp,unreliable
marlonziello,unreliable
MarxKiyani,unreliable
masimba_t,unreliable
mastersson_jt,unreliable
Mathew1Prakash,unreliable
mats73,unreliable
MattRibera,unreliable
McGr85,unreliable
mchedd1,unreliable
mclaren_jr,unreliable
mdtschoepe61,unreliable
mdzeux,unreliable
melaah17,unreliable
Meotsec,unreliable
MerloFrancy,unreliable
michonne_walker,unreliable
mickbatty,unreliable
mickmanmick,unreliable
mike_s_mcintyre,unreliable
Mike12623636,unreliable
MikeGeorge809,unreliable
MikeRBossy,unreliable
mindhunter,unreliable
MinkyUrungus,unreliable
missanitra73,unreliable
missgoylightly,unreliable
Mister_ODT,unreliable
mizfelonymayhem,unreliable
mlauck91,unreliable
mmmaaaaattttt,unreliable
moazzamhyder3,unreliable
MohsinAliGD,unreliable
moin86,unreliable
mostly_yoshi,unreliable
MrDannyBrewer,unreliable
mrdinwa,unreliable
MRLindberg72,unreliable
MrLJones2,unreliable
mrsTanGo,unreliable
MsCalin,unreliable
MSChristine_,unreliable
MtkaMoose,unreliable
mwsanford,unreliable
myownleash,unreliable
mythical_son,unreliable
mzaidi2010,unreliable
Nadym2022,unreliable
NanalindaHall,unreliable
nangaparbat1,unreliable
nat_ahoy,unreliable
NealReid,unreliable
NeilPenny9,unreliable
NellyTells,unreliable
Nels68Nelson,unreliable
neolibtarded,unreliable
new_uthayan,unreliable
ni_clachan,unreliable
Nicola_Karasek,unreliable
noliesgofar,unreliable
normcamper1,unreliable
Nosoupforjew,unreliable
notatired,unreliable
NowOdin,unreliable
NtlanganisoG,unreliable
nuclearmom01,unreliable
nyikoGavaza4,unreliable
nzign,unreliable
OdnokonMick,unreliable
Officially_CY,unreliable
offspoon,unreliable
OHebert5,unreliable
OliverFebles,unreliable
Omufa_bbakuzi,unreliable
OpinionBalanced,unreliable
orochijes,unreliable
OThorpe,unreliable
Ottviary,unreliable
PafkoBosh,unreliable
pam69930898,unreliable
ParsedProlix,unreliable
PatriciaLuetke2,unreliable
patrickrh16,unreliable
Paul_B_99,unreliable
Paul_Perera,unreliable
PBarbicane,unreliable
PCleburneVdare,unreliable
pentateu,unreliable
peopleunite,unreliable
Perogy_Man,unreliable
PeteLawson5,unreliable
PeterSm15544199,unreliable
petersonny,unreliable
Phiguy2,unreliable
pippysheppy,unreliable
pitstop1973,unreliable
playball_001,unreliable
polat_umut,unreliable
powers_corrin,unreliable
PrettyEyedTexan,unreliable
ProdsOfficial,unreliable
ProEuroAmerican,unreliable
pt_stewart,unreliable
pubsclosed,unreliable
Qbinita,unreliable
QDAPUSA,unreliable
quickshotmedia,unreliable
raid316,unreliable
Rajeevshagun,unreliable
rajneesh31,unreliable
Randpatriot,unreliable
Rangeland74,unreliable
RastanRa,unreliable
RC_Cdn_Patriot,unreliable
RE_PT_BR,unreliable
realAndrewK,unreliable
realatiqrahmani,unreliable
realgovernor,unreliable
rebarrett,unreliable
RedLikeReagan,unreliable
RedScareTV,unreliable
relic_young,unreliable
RenoG70,unreliable
RepOfTruth,unreliable
Retiredguy123,unreliable
revo1776,unreliable
rick19936479,unreliable
rick777pp,unreliable
RicKrowaski,unreliable
riiptied10,unreliable
RmxTravi,unreliable
RNBenner,unreliable
RNtrance,unreliable
rob_curle,unreliable
robertlufccoomb,unreliable
RobertoB_1962,unreliable
RobinCotten2,unreliable
RobMcNYC,unreliable
Ron76996505,unreliable
Ronsibb,unreliable
roxie600601,unreliable
ruald2000,unreliable
RuskLover,unreliable
ruthiejane99,unreliable
SA_Verlange,unreliable
sabbar8bigpond1,unreliable
SabineZee,unreliable
sabremikecarrol,unreliable
Sadi5Ken,unreliable
sajeevkokkattil,unreliable
saldocan,unreliable
Sam_seau,unreliable
SamStevemcelroy,unreliable
Santiagox321,unreliable
satishupadhya19,unreliable
SaudSigal,unreliable
Schmamby,unreliable
schonerhirt_gsd,unreliable
scott_paul,unreliable
SCunny01,unreliable
SeanCanavanreal,unreliable
SecretMajesty,unreliable
SEDONASEDUCTION,unreliable
seitz_ryan,unreliable
ServouxThom,unreliable
SH_Sorgo,unreliable
shabnam_farooq7,unreliable
shadowed_dream,unreliable
ShakeelktkKhan,unreliable
shanecultice,unreliable
ShanterThe,unreliable
ShardGooner,unreliable
sheep356,unreliable
ShieldGotham,unreliable
Shitford_AssPoo,unreliable
shushabunny,unreliable
Siddhantpal,unreliable
sk21633149,unreliable
skipca14,unreliable
SlavwavePL,unreliable
Slugbert,unreliable
SM257,unreliable
SogridMedium,unreliable
SomeCorporation,unreliable
Soomeyaz,unreliable
SouthAfricanne2,unreliable
spaceworldnews,unreliable
spanishguitar_1,unreliable
spectralsex,unreliable
Spinky363,unreliable
spreadsmiles67,unreliable
ssaint2468,unreliable
starlight5347,unreliable
statiq_q,unreliable
SteveBain111,unreliable
stevefastaco,unreliable
SteveGReading,unreliable
StevenCloutier8,unreliable
stewart_2017,unreliable
StewDaSix2,unreliable
stewhambone,unreliable
stoic_fruit,unreliable
StoicaeVenator,unreliable
STPhotography__,unreliable
Strag3n,unreliable
Stuizdaman,unreliable
SundayEnema,unreliable
supermanny8,unreliable
susiereeves,unreliable
sve_ezauzeto,unreliable
svenwg,unreliable
Svitoslav3,unreliable
tallboysdad,unreliable
TBerater,unreliable
TChozo,unreliable
teachingmyson,unreliable
Techbot,unreliable
tedd09y,unreliable
tedderbear123,unreliable
Teirrah12,unreliable
Teppo74,unreliable
terrib40,unreliable
texasnick310,unreliable
tgicorie,unreliable
TheBlueVI,unreliable
thechob,unreliable
TheElementGuy,unreliable
thekyleduck,unreliable
theluthox,unreliable
TheMoneyGuru,unreliable
TheWyattWayne,unreliable
thomasb108,unreliable
thronehymn,unreliable
TimTyler5,unreliable
Tinibellini40,unreliable
TO4Freedom,unreliable
TomasM093,unreliable
tomcallensmusic,unreliable
trevor4016,unreliable
TribeOsu,unreliable
TrollinPeace,unreliable
tru_sandi,unreliable
TrumpFansBlog,unreliable
TUCLaurieHeseld,unreliable
twx724,unreliable
udoyen,unreliable
UkUtd,unreliable
uncybillized,unreliable
unitedconserva,unreliable
utilityguide,unreliable
vaavi0virus,unreliable
VandalJj,unreliable
veraxss,unreliable
vernacular__,unreliable
vicharkeval,unreliable
VikrantThardak,unreliable
VitekPalarczyk,unreliable
vladimir_973,unreliable
Voskhod_1,unreliable
Waakzaam,unreliable
wallycat101,unreliable
WaveWranglers,unreliable
wayne_whitlock,unreliable
weaklypolitical,unreliable
WeimarClara,unreliable
WellingCTMurals,unreliable
wheatonsmom,unreliable
White164,unreliable
wiicki006,unreliable
WillFarnaby,unreliable
Winst0n1984,unreliable
WizDaher,unreliable
wmodell,unreliable
wobbley_bobbley,unreliable
wollensok,unreliable
WongNydia,unreliable
xCallMeV,unreliable
xxsnakebitexx1,unreliable
YKppchief,unreliable
YohoDream,unreliable
YongeSurgical,unreliable
Yusoseriouz,unreliable
Zaasrd,unreliable
ZeekeBlais,unreliable
zevonis,unreliable
ZoeLipsett,unreliable
