username,user_found,created_at,Labels,total_posts
jamiecochran,TRUE,2008-01-16T04:11:25+00:00,unreliable,138
BiGWIG1001,TRUE,2009-04-16T16:45:53+00:00,unreliable,272
smile17138,TRUE,2009-05-08T08:14:55+00:00,unreliable,374
Psycotic4Eva,TRUE,2009-06-10T10:25:40+00:00,unreliable,272
MattElzey,TRUE,2009-06-13T20:30:40+00:00,unreliable,142
SoCalCEO,TRUE,2009-06-14T16:04:59+00:00,unreliable,473
fedlarson,TRUE,2009-07-02T15:05:33+00:00,unreliable,257
nanpats,TRUE,2009-09-01T17:19:58+00:00,unreliable,422
henrystauf,TRUE,2009-09-16T18:11:59+00:00,unreliable,10
FirstKraken,TRUE,2009-12-09T10:38:22+00:00,unreliable,22
PaulGerard67,TRUE,2010-03-20T09:41:23+00:00,unreliable,266
muraguli,TRUE,2010-04-15T09:26:54+00:00,unreliable,383
jboyce99,TRUE,2010-04-30T01:25:19+00:00,unreliable,397
Jim_Ed_Brown,TRUE,2010-09-12T00:58:13+00:00,unreliable,481
cheaproofer,TRUE,2010-10-09T12:43:52+00:00,unreliable,187
blvdr,TRUE,2011-01-23T02:20:36+00:00,unreliable,322
writeofathief,TRUE,2011-02-12T16:43:27+00:00,unreliable,415
tiger569ca,TRUE,2011-07-04T17:08:50+00:00,unreliable,238
pep3572000,TRUE,2011-11-10T22:56:34+00:00,unreliable,56
dleup,TRUE,2011-11-21T21:42:41+00:00,unreliable,476
RosannaLord1,TRUE,2012-01-04T01:51:23+00:00,unreliable,422
McCartneyLisa,TRUE,2012-04-10T21:24:32+00:00,unreliable,389
MichaelAGarris1,TRUE,2012-08-23T18:33:46+00:00,unreliable,195
jargieboy,TRUE,2012-09-18T13:47:38+00:00,unreliable,199
johnnieduranhp,TRUE,2012-11-19T06:16:29+00:00,unreliable,485
IvankaPutin,TRUE,2013-02-26T16:08:24+00:00,unreliable,175
BluBabii22,TRUE,2013-03-14T00:46:12+00:00,unreliable,387
darelljacksonjr,TRUE,2013-07-07T03:41:29+00:00,unreliable,238
thekyleduck,TRUE,2013-07-30T16:15:42+00:00,unreliable,89
McAuliffJames,TRUE,2013-10-02T20:06:16+00:00,unreliable,155
GSmaleii,TRUE,2013-10-14T15:51:21+00:00,unreliable,66
edge_813,TRUE,2013-10-18T02:56:24+00:00,unreliable,205
soulsolace1,TRUE,2013-11-09T02:05:39+00:00,unreliable,144
chrisba50408140,TRUE,2013-12-29T01:36:23+00:00,unreliable,323
Empty_Twitts,TRUE,2013-12-29T03:55:01+00:00,unreliable,332
CryptoKong,TRUE,2014-02-10T12:22:28+00:00,unreliable,31
SB_Da_Tribe,TRUE,2014-02-23T17:10:57+00:00,unreliable,87
Niall_M_Delaney,TRUE,2014-03-22T23:57:22+00:00,unreliable,293
WellingCTMurals,TRUE,2014-04-19T19:00:27+00:00,unreliable,476
acq145,TRUE,2014-06-03T00:22:45+00:00,unreliable,90
Aditya4u53,TRUE,2014-06-29T15:42:50+00:00,unreliable,297
bagocats,TRUE,2014-07-20T17:36:59+00:00,unreliable,332
LoneManMusic,TRUE,2014-08-08T15:13:15+00:00,unreliable,497
deniskhan256,TRUE,2014-11-01T13:43:55+00:00,unreliable,63
AzNewLyfeLuv,TRUE,2014-11-08T23:44:37+00:00,unreliable,263
AbbasKayam,TRUE,2014-11-15T15:59:18+00:00,unreliable,23
soulhooligan1,TRUE,2014-11-24T20:35:54+00:00,unreliable,285
nathinkunika,TRUE,2015-02-08T11:45:02+00:00,unreliable,369
kaeder_adrian,TRUE,2015-03-19T20:24:10+00:00,unreliable,320
mruss1997,TRUE,2015-04-09T21:18:26+00:00,unreliable,264
WallSt,TRUE,2008-03-10T23:40:38+00:00,reliable,433
bjg5616,TRUE,2008-05-03T03:49:21+00:00,reliable,350
mudjay,TRUE,2009-02-20T21:01:51+00:00,reliable,330
manaves,TRUE,2009-07-01T16:42:37+00:00,reliable,106
WaldenRiver,TRUE,2009-07-03T14:04:31+00:00,reliable,352
CasieErp,TRUE,2009-10-13T14:53:54+00:00,reliable,32
bhangda_tyagi,TRUE,2010-02-15T06:42:41+00:00,reliable,135
angiedudman,TRUE,2010-03-19T19:14:10+00:00,reliable,381
chelmsford_67,TRUE,2010-04-07T14:59:41+00:00,reliable,78
Whites_Tiger,TRUE,2011-01-02T09:24:40+00:00,reliable,136
massdavmp,TRUE,2011-03-23T08:19:56+00:00,reliable,445
corbonthekobb,TRUE,2011-06-21T04:13:47+00:00,reliable,192
nxmal,TRUE,2011-07-28T00:50:23+00:00,reliable,27
SpunkMasterSex,TRUE,2012-02-04T08:56:32+00:00,reliable,227
MFSLapierre,TRUE,2012-05-04T02:25:40+00:00,reliable,116
Shahmone,TRUE,2012-05-19T10:00:22+00:00,reliable,474
R_johnson2,TRUE,2012-05-26T04:29:56+00:00,reliable,273
k_strz,TRUE,2012-07-05T02:48:24+00:00,reliable,148
RubyReeses,TRUE,2012-11-11T22:09:19+00:00,reliable,402
NicolsChristine,TRUE,2012-12-01T22:52:24+00:00,reliable,372
kamykamalani,TRUE,2013-03-29T07:16:28+00:00,reliable,481
RoyaZiba,TRUE,2013-09-11T18:42:47+00:00,reliable,168
GKpantey,TRUE,2013-10-23T16:46:14+00:00,reliable,206
Adefeon,TRUE,2014-04-07T09:24:10+00:00,reliable,382
AysegulAydadal,TRUE,2014-04-09T13:57:00+00:00,reliable,286
Jenniferwong617,TRUE,2014-04-14T18:38:24+00:00,reliable,358
maxtodd2000,TRUE,2014-05-26T20:25:57+00:00,reliable,193
shonie998,TRUE,2014-05-31T04:32:03+00:00,reliable,123
mudpecker,TRUE,2014-07-12T09:17:18+00:00,reliable,491
aashaw32,TRUE,2014-09-29T19:48:29+00:00,reliable,394
Ytfelc1,TRUE,2014-11-15T15:47:18+00:00,reliable,319
nathrik01,TRUE,2014-12-17T19:50:14+00:00,reliable,311
Meghriban,TRUE,2015-04-16T10:16:22+00:00,reliable,417
sivashunmugamp,TRUE,2015-05-24T10:16:39+00:00,reliable,434
PGSEnterprise,TRUE,2015-10-07T14:11:07+00:00,reliable,373
ScottishFeline,TRUE,2016-01-16T01:53:45+00:00,reliable,93
iammikaalbilal,TRUE,2016-01-26T08:28:05+00:00,reliable,253
4321mariin,TRUE,2016-04-08T10:54:25+00:00,reliable,451
delcid_adrian,TRUE,2016-04-28T02:52:04+00:00,reliable,61
Siobhanyu1999,TRUE,2016-07-04T07:17:51+00:00,reliable,166
RealEliWanner,TRUE,2016-07-29T18:20:41+00:00,reliable,69
RichardsYnna,TRUE,2016-09-28T11:46:53+00:00,reliable,418
ScottAllison123,TRUE,2016-10-03T02:08:14+00:00,reliable,381
Benosaurus_,TRUE,2016-10-04T16:00:38+00:00,reliable,290
StephanRoget,TRUE,2016-11-21T22:25:25+00:00,reliable,69
Wendysteins,TRUE,2017-01-30T22:17:16+00:00,reliable,215
DylanWinthrop,TRUE,2017-03-04T12:36:26+00:00,reliable,358
SecusiOnline,TRUE,2017-04-05T13:29:18+00:00,reliable,364
Song_TradeCoin,TRUE,2017-04-14T12:35:58+00:00,reliable,475
AmanBalami,TRUE,2017-04-16T11:11:37+00:00,reliable,338
rashdeepsethi94,TRUE,2017-07-18T05:32:25+00:00,reliable,465
Sarahwe58753866,TRUE,2017-08-11T19:44:07+00:00,reliable,440
tonia4truth,TRUE,2017-11-23T18:12:01+00:00,reliable,237
DeborahMcnall16,TRUE,2017-12-20T14:53:47+00:00,reliable,339
KaranTurquoise,TRUE,2018-02-14T19:08:10+00:00,reliable,244
rajab721,TRUE,2015-05-01T10:03:01+00:00,unreliable,221
knightvision93,TRUE,2015-06-22T17:04:29+00:00,unreliable,126
wee_pud,TRUE,2015-08-21T03:38:42+00:00,unreliable,138
sambhukumargo,TRUE,2015-10-13T07:23:05+00:00,unreliable,453
sk21633149,TRUE,2015-12-01T20:24:34+00:00,unreliable,329
seb_tarte,TRUE,2015-12-02T15:59:16+00:00,unreliable,33
Kaua_Twixster,TRUE,2016-05-22T18:11:23+00:00,unreliable,392
lordfundarbyrd,TRUE,2016-11-10T03:24:15+00:00,unreliable,146
olivier_misse,TRUE,2016-11-24T00:06:34+00:00,unreliable,282
NiteipAateofo,TRUE,2017-01-10T07:05:07+00:00,unreliable,257
KerenHumphrey1,TRUE,2017-01-20T23:47:16+00:00,unreliable,108
thecabbieGOW,TRUE,2017-02-11T16:53:21+00:00,unreliable,313
OpinionBalanced,TRUE,2017-05-01T14:21:15+00:00,unreliable,447
Airlock49,TRUE,2017-05-12T02:17:26+00:00,unreliable,127
Mahmudshah17,TRUE,2017-07-23T06:58:29+00:00,unreliable,219
xgloavt,TRUE,2017-08-09T13:24:05+00:00,unreliable,204
MahdiAgnelli,TRUE,2017-08-14T20:11:48+00:00,unreliable,97
Mayilickersnatc,TRUE,2017-08-28T12:37:10+00:00,unreliable,220
patrickrh16,TRUE,2017-09-06T21:59:53+00:00,unreliable,427
chris_leawood,TRUE,2017-10-25T11:54:32+00:00,unreliable,232
disclosurenow7,TRUE,2018-01-15T20:41:27+00:00,unreliable,100
fransmaane,TRUE,2018-01-20T19:26:14+00:00,unreliable,318
JaneUpton13,TRUE,2018-02-15T03:33:28+00:00,unreliable,204
Morez73529517,TRUE,2018-02-22T11:24:31+00:00,unreliable,220
vaavi0virus,TRUE,2018-02-25T03:10:23+00:00,unreliable,52
Bseifoori,TRUE,2018-02-26T04:08:37+00:00,unreliable,150
TahirSofi04,TRUE,2018-03-06T03:25:10+00:00,unreliable,208
Nosoupforjew,TRUE,2018-03-22T15:28:25+00:00,unreliable,485
Suzanne80105086,TRUE,2018-03-25T04:57:11+00:00,unreliable,294
AnandVaid7,TRUE,2018-04-04T15:49:30+00:00,unreliable,219
bloodymary12354,TRUE,2018-04-29T18:01:18+00:00,unreliable,391
Ahmed44037246,TRUE,2018-05-02T13:07:15+00:00,unreliable,496
zachlahring,TRUE,2018-06-10T22:11:32+00:00,unreliable,447
zevonis,TRUE,2018-07-04T20:27:56+00:00,unreliable,475
Nikki52592973,TRUE,2018-07-21T15:47:50+00:00,unreliable,67
moon__warrior,TRUE,2018-08-01T00:59:59+00:00,unreliable,195
MSputnikrs,TRUE,2018-08-18T11:23:25+00:00,unreliable,401
DanishRoyalist2,TRUE,2018-09-03T10:38:31+00:00,unreliable,75
HlakoanaRomeo,TRUE,2018-09-10T12:40:06+00:00,unreliable,324
SpurlingLaurie,TRUE,2018-09-13T11:30:05+00:00,unreliable,366
bd_sassy,TRUE,2018-09-18T13:40:12+00:00,unreliable,355
antisciencewalk,TRUE,2018-11-08T13:47:48+00:00,unreliable,479
STPhotography__,TRUE,2019-02-18T04:57:57+00:00,unreliable,20
JohnnyCrypto17,TRUE,2019-05-20T10:27:41+00:00,unreliable,85
cindy_clawford,TRUE,2019-07-09T03:30:46+00:00,unreliable,58
DanielHalen1,TRUE,2019-11-23T19:26:23+00:00,unreliable,422
JayDrew86422363,TRUE,2018-04-20T07:23:23+00:00,reliable,117
rsnvas,TRUE,2018-04-23T06:20:14+00:00,reliable,335
YaSh37855241,TRUE,2018-05-06T19:40:58+00:00,reliable,288
XXXPeach2,TRUE,2018-05-14T20:46:39+00:00,reliable,156
Vikkycletus,TRUE,2018-05-17T15:04:17+00:00,reliable,406
JessyJasmine29,TRUE,2018-06-21T14:16:34+00:00,reliable,487
TshepoLabase,TRUE,2018-07-10T13:54:21+00:00,reliable,169
ZiyadAlli2,TRUE,2018-07-10T20:13:44+00:00,reliable,111
bg4wibk3g1x4Tel,TRUE,2018-07-15T09:32:19+00:00,reliable,482
pragnap916,TRUE,2018-08-01T11:21:40+00:00,reliable,353
Kapkoi1,TRUE,2018-08-10T12:24:31+00:00,reliable,152
Vat_Vatsie,TRUE,2018-08-26T19:35:58+00:00,reliable,491
Kwena43805053,TRUE,2018-08-28T16:29:47+00:00,reliable,416
Ompraka15588568,TRUE,2018-09-04T08:01:52+00:00,reliable,370
VictorNation202,TRUE,2018-09-12T16:40:33+00:00,reliable,103
PecuniaryPoet,TRUE,2018-09-15T11:49:04+00:00,reliable,362
theiac_malaysia,TRUE,2018-09-19T10:35:32+00:00,reliable,324
kayholliday8,TRUE,2018-09-21T16:23:07+00:00,reliable,218
OppgenBiz,TRUE,2018-09-26T21:09:46+00:00,reliable,171
soy_alyona,TRUE,2018-10-07T12:47:49+00:00,reliable,300
JohnCottom6,TRUE,2018-10-09T13:44:14+00:00,reliable,436
JoelMarianoAgu1,TRUE,2018-10-11T22:41:16+00:00,reliable,118
dazzleGspark,TRUE,2018-10-14T17:48:30+00:00,reliable,265
MahavaFrank,TRUE,2018-10-17T06:52:27+00:00,reliable,129
needsomebts,TRUE,2019-01-06T00:00:53+00:00,reliable,41
24sadboyhours,TRUE,2019-06-22T20:48:12+00:00,reliable,52
onecurrency1,TRUE,2019-06-28T03:59:59+00:00,reliable,21
echophenomena,TRUE,2019-12-11T10:09:53+00:00,reliable,408
